Workbook
Name CSV_file: 'Full 1801-31 data set'!#REF!
Name CSV_file_1: 'Full 1801-31 data set'!#REF!

Sheet Full 1801-31 data set
A1: Parishes - the most local level at which data were collected | B1: Categories / Groups - for use when sorting, filtering and/or summarising data | M1: Raw data from the 1801 census | S1: 'Indicators' calculated from the 1801 census raw data | Z1: Later censuses | AC1: Population growth rates (calculated) | AG1: 1815 annual property values, and calculated indicators
A3: Parish | B3: User-selected | C3: Hundred | D3: Hundred code | E3: Market Town? | F3: Other Towns | G3: Deanery (old) | H3: Deanery code | I3: Modern District | J3: Modern District code | K3: Vancouver District | L3: Vancouver Order | M3: Houses occupied 1801 | N3: Families 1801 | O3: Agric empl 1801 | P3: Mftg (etc) empl 1801 | Q3: Other occ 1801 | R3: Popn 1801 | S3: Family size | T3: Ag/Popn | U3: Ind (etc)/ Popn | V3: Other/Popn | W3: Ind (etc)/ Ag | X3: Other/Ag + Ind (etc) | Y3: Parish as % of Devon | Z3: Popn 1811 | AA3: Popn 1821 | AB3: Popn 1831 | AC3: Popn11/ Popn01 | AD3: Popn21/ Popn11 | AE3: Popn31/ Popn21 | AF3: Popn31/ Popn01 | AG3: Popn 1815 (est) | AH3: Property value 1815 | AI3: Value (£ per capita) | AJ3: Val/cap as % of Devon av
A4: Abbots Bickington | C4: Black Torrington | D4: 3 | G4: Holsworthy | H4: 9 | I4: Torridge | J4: 9 | K4: 3 | L4: 1 | M4: 10 | N4: 12 | O4: 30 | P4: 0 | Q4: 38 | R4: 68 | S4: =R4/N4 -> 5.6666667 | T4: =O4/R4 -> 0.44117647 | U4: =P4/R4 -> 0 | V4: =Q4/R4 -> 0.55882353 | W4: =P4/O4 -> 0 | X4: =Q4/(O4+P4) -> 1.2666667 | Y4: =R4/R$488 -> 0.00019753718 | Z4: 72 | AA4: 75 | AB4: 77 | AC4: =Z4/R4 -> 1.0588235 | AD4: =AA4/Z4 -> 1.0416667 | AE4: =AB4/AA4 -> 1.0266667 | AF4: =AB4/R4 -> 1.1323529 | AG4: =0.6*Z4+0.4*AA4 -> 73.2 | AH4: 424 | AI4: =AH4/AG4 -> 5.7923497 | AJ4: =AI4/AI$488 -> 1.2308994
A5: Abbotsham | C5: Shebbear | D5: 23 | G5: Hartland | H5: 8 | I5: Torridge | J5: 9 | K5: 1 | L5: 2 | M5: 59 | N5: 59 | O5: 305 | P5: 8 | Q5: 0 | R5: 313 | S5: =R5/N5 -> 5.3050847 | T5: =O5/R5 -> 0.97444089 | U5: =P5/R5 -> 0.025559105 | V5: =Q5/R5 -> 0 | W5: =P5/O5 -> 0.026229508 | X5: =Q5/(O5+P5) -> 0 | Y5: =R5/R$488 -> 0.000909252 | Z5: 321 | AA5: 386 | AB5: 387 | AC5: =Z5/R5 -> 1.0255591 | AD5: =AA5/Z5 -> 1.2024922 | AE5: =AB5/AA5 -> 1.0025907 | AF5: =AB5/R5 -> 1.2364217 | AG5: =0.6*Z5+0.4*AA5 -> 347 | AH5: 2481 | AI5: =AH5/AG5 -> 7.1498559 | AJ5: =AI5/AI$488 -> 1.5193753
A6: Abbotskerswell | C6: Haytor | D6: 16 | G6: Ipplepen | H6: 11 | I6: Teignbridge | J6: 5 | K6: 4 | L6: 4 | M6: 95 | N6: 95 | O6: 101 | P6: 122 | Q6: 166 | R6: 389 | S6: =R6/N6 -> 4.0947368 | T6: =O6/R6 -> 0.2596401 | U6: =P6/R6 -> 0.31362468 | V6: =Q6/R6 -> 0.42673522 | W6: =P6/O6 -> 1.2079208 | X6: =Q6/(O6+P6) -> 0.74439462 | Y6: =R6/R$488 -> 0.0011300288 | Z6: 379 | AA6: 437 | AB6: 442 | AC6: =Z6/R6 -> 0.97429306 | AD6: =AA6/Z6 -> 1.1530343 | AE6: =AB6/AA6 -> 1.0114416 | AF6: =AB6/R6 -> 1.1362468 | AG6: =0.6*Z6+0.4*AA6 -> 402.2 | AH6: 2902 | AI6: =AH6/AG6 -> 7.2153158 | AJ6: =AI6/AI$488 -> 1.5332858
A7: Alphington | C7: Wonford | D7: 32 | G7: Kenn | H7: 12 | I7: Exeter | J7: 1 | K7: 6 | L7: 2 | M7: 98 | N7: 184 | O7: 114 | P7: 42 | Q7: 689 | R7: 845 | S7: =R7/N7 -> 4.5923913 | T7: =O7/R7 -> 0.13491124 | U7: =P7/R7 -> 0.049704142 | V7: =Q7/R7 -> 0.81538462 | W7: =P7/O7 -> 0.36842105 | X7: =Q7/(O7+P7) -> 4.4166667 | Y7: =R7/R$488 -> 0.0024546899 | Z7: 911 | AA7: 1070 | AB7: 1236 | AC7: =Z7/R7 -> 1.0781065 | AD7: =AA7/Z7 -> 1.1745335 | AE7: =AB7/AA7 -> 1.1551402 | AF7: =AB7/R7 -> 1.4627219 | AG7: =0.6*Z7+0.4*AA7 -> 974.6 | AH7: 6999 | AI7: =AH7/AG7 -> 7.1814078 | AJ7: =AI7/AI$488 -> 1.5260802
A8: Alverdiscott | C8: Fremington | D8: 12 | G8: Hartland | H8: 8 | I8: Torridge | J8: 9 | K8: 1 | L8: 3 | M8: 52 | N8: 52 | O8: 161 | P8: 7 | Q8: 110 | R8: 278 | S8: =R8/N8 -> 5.3461538 | T8: =O8/R8 -> 0.57913669 | U8: =P8/R8 -> 0.025179856 | V8: =Q8/R8 -> 0.39568345 | W8: =P8/O8 -> 0.043478261 | X8: =Q8/(O8+P8) -> 0.6547619 | Y8: =R8/R$488 -> 0.00080757846 | Z8: 257 | AA8: 334 | AB8: 339 | AC8: =Z8/R8 -> 0.92446043 | AD8: =AA8/Z8 -> 1.2996109 | AE8: =AB8/AA8 -> 1.0149701 | AF8: =AB8/R8 -> 1.2194245 | AG8: =0.6*Z8+0.4*AA8 -> 287.8 | AH8: 1431 | AI8: =AH8/AG8 -> 4.9722029 | AJ8: =AI8/AI$488 -> 1.0566146
A9: Alwington | C9: Shebbear | D9: 23 | G9: Hartland | H9: 8 | I9: Torridge | J9: 9 | K9: 1 | L9: 1 | M9: 56 | N9: 61 | O9: 83 | P9: 21 | Q9: 206 | R9: 310 | S9: =R9/N9 -> 5.0819672 | T9: =O9/R9 -> 0.26774194 | U9: =P9/R9 -> 0.067741935 | V9: =Q9/R9 -> 0.66451613 | W9: =P9/O9 -> 0.25301205 | X9: =Q9/(O9+P9) -> 1.9807692 | Y9: =R9/R$488 -> 0.00090053713 | Z9: 359 | AA9: 386 | AB9: 486 | AC9: =Z9/R9 -> 1.1580645 | AD9: =AA9/Z9 -> 1.0752089 | AE9: =AB9/AA9 -> 1.2590674 | AF9: =AB9/R9 -> 1.5677419 | AG9: =0.6*Z9+0.4*AA9 -> 369.8 | AH9: 2303 | AI9: =AH9/AG9 -> 6.2276906 | AJ9: =AI9/AI$488 -> 1.3234112
A10: Arlington | C10: Shirwell | D10: 24 | G10: Shirwell | H10: 17 | I10: North Devon | J10: 10 | K10: 1 | L10: 5 | M10: 37 | N10: 42 | O10: 87 | P10: 24 | Q10: 96 | R10: 207 | S10: =R10/N10 -> 4.9285714 | T10: =O10/R10 -> 0.42028986 | U10: =P10/R10 -> 0.11594203 | V10: =Q10/R10 -> 0.46376812 | W10: =P10/O10 -> 0.27586207 | X10: =Q10/(O10+P10) -> 0.86486486 | Y10: =R10/R$488 -> 0.0006013264 | Z10: 157 | AA10: 177 | AB10: 235 | AC10: =Z10/R10 -> 0.75845411 | AD10: =AA10/Z10 -> 1.1273885 | AE10: =AB10/AA10 -> 1.3276836 | AF10: =AB10/R10 -> 1.1352657 | AG10: =0.6*Z10+0.4*AA10 -> 165 | AH10: 1709 | AI10: =AH10/AG10 -> 10.357576 | AJ10: =AI10/AI$488 -> 2.2010297
A11: Ashburton | C11: Teignbridge | D11: 28 | E11: Yes | G11: Moreton | H11: 13 | I11: Teignbridge | J11: 5 | K11: 4 | L11: 3 | M11: 369 | N11: 664 | O11: 141 | P11: 267 | Q11: 2672 | R11: 3080 | S11: =R11/N11 -> 4.6385542 | T11: =O11/R11 -> 0.045779221 | U11: =P11/R11 -> 0.086688312 | V11: =Q11/R11 -> 0.86753247 | W11: =P11/O11 -> 1.893617 | X11: =Q11/(O11+P11) -> 6.5490196 | Y11: =R11/R$488 -> 0.0089472721 | Z11: 3053 | AA11: 3403 | AB11: 4165 | AC11: =Z11/R11 -> 0.99123377 | AD11: =AA11/Z11 -> 1.1146413 | AE11: =AB11/AA11 -> 1.2239201 | AF11: =AB11/R11 -> 1.3522727 | AG11: =0.6*Z11+0.4*AA11 -> 3193 | AH11: 7848 | AI11: =AH11/AG11 -> 2.4578766 | AJ11: =AI11/AI$488 -> 0.52230941
A12: Ashbury | C12: Black Torrington | D12: 3 | G12: Okehampton | H12: 14 | I12: West Devon | J12: 8 | K12: 3 | L12: 3 | M12: 4 | N12: 4 | O12: 20 | P12: 0 | Q12: 21 | R12: 41 | S12: =R12/N12 -> 10.25 | T12: =O12/R12 -> 0.48780488 | U12: =P12/R12 -> 0 | V12: =Q12/R12 -> 0.51219512 | W12: =P12/O12 -> 0 | X12: =Q12/(O12+P12) -> 1.05 | Y12: =R12/R$488 -> 0.0001191033 | Z12: 72 | AA12: 74 | AB12: 74 | AC12: =Z12/R12 -> 1.7560976 | AD12: =AA12/Z12 -> 1.0277778 | AE12: =AB12/AA12 -> 1 | AF12: =AB12/R12 -> 1.804878 | AG12: =0.6*Z12+0.4*AA12 -> 72.8 | AH12: 508 | AI12: =AH12/AG12 -> 6.978022 | AJ12: =AI12/AI$488 -> 1.4828599
A13: Ashcombe | C13: Exminster | D13: 11 | G13: Kenn | H13: 12 | I13: Teignbridge | J13: 5 | K13: 6 | L13: 1 | M13: 51 | N13: 57 | O13: 124 | P13: 8 | Q13: 148 | R13: 280 | S13: =R13/N13 -> 4.9122807 | T13: =O13/R13 -> 0.44285714 | U13: =P13/R13 -> 0.028571429 | V13: =Q13/R13 -> 0.52857143 | W13: =P13/O13 -> 0.064516129 | X13: =Q13/(O13+P13) -> 1.1212121 | Y13: =R13/R$488 -> 0.00081338837 | Z13: 272 | AA13: 283 | AB13: 320 | AC13: =Z13/R13 -> 0.97142857 | AD13: =AA13/Z13 -> 1.0404412 | AE13: =AB13/AA13 -> 1.130742 | AF13: =AB13/R13 -> 1.1428571 | AG13: =0.6*Z13+0.4*AA13 -> 276.4 | AH13: 1341 | AI13: =AH13/AG13 -> 4.8516643 | AJ13: =AI13/AI$488 -> 1.0309996
A14: Ashford | C14: Braunton | D14: 4 | G14: Shirwell | H14: 17 | I14: North Devon | J14: 10 | K14: 1 | L14: 6 | M14: 18 | N14: 21 | O14: 38 | P14: 10 | Q14: 25 | R14: 73 | S14: =R14/N14 -> 3.4761905 | T14: =O14/R14 -> 0.52054795 | U14: =P14/R14 -> 0.1369863 | V14: =Q14/R14 -> 0.34246575 | W14: =P14/O14 -> 0.26315789 | X14: =Q14/(O14+P14) -> 0.52083333 | Y14: =R14/R$488 -> 0.00021206197 | Z14: 101 | AA14: 98 | AB14: 99 | AC14: =Z14/R14 -> 1.3835616 | AD14: =AA14/Z14 -> 0.97029703 | AE14: =AB14/AA14 -> 1.0102041 | AF14: =AB14/R14 -> 1.3561644 | AG14: =0.6*Z14+0.4*AA14 -> 99.8 | AH14: 662 | AI14: =AH14/AG14 -> 6.6332665 | AJ14: =AI14/AI$488 -> 1.4095978
A15: Ashprington | C15: Coleridge | D15: 6 | G15: Totnes | H15: 24 | I15: South Hams | J15: 4 | K15: 4 | L15: 2 | M15: 96 | N15: 99 | O15: 215 | P15: 114 | Q15: 180 | R15: 509 | S15: =R15/N15 -> 5.1414141 | T15: =O15/R15 -> 0.42239686 | U15: =P15/R15 -> 0.22396857 | V15: =Q15/R15 -> 0.35363458 | W15: =P15/O15 -> 0.53023256 | X15: =Q15/(O15+P15) -> 0.54711246 | Y15: =R15/R$488 -> 0.0014786239 | Z15: 519 | AA15: 619 | AB15: 549 | AC15: =Z15/R15 -> 1.0196464 | AD15: =AA15/Z15 -> 1.1926782 | AE15: =AB15/AA15 -> 0.88691438 | AF15: =AB15/R15 -> 1.0785855 | AG15: =0.6*Z15+0.4*AA15 -> 559 | AH15: 5869 | AI15: =AH15/AG15 -> 10.499106 | AJ15: =AI15/AI$488 -> 2.2311054
A16: Ashreigney / Ring Ash | C16: North Tawton & Winkleigh | D16: 19 | G16: Torrington | H16: 23 | I16: Torridge | J16: 9 | K16: 2 | L16: 1 | M16: 151 | N16: 159 | O16: 625 | P16: 100 | Q16: 31 | R16: 756 | S16: =R16/N16 -> 4.754717 | T16: =O16/R16 -> 0.82671958 | U16: =P16/R16 -> 0.13227513 | V16: =Q16/R16 -> 0.041005291 | W16: =P16/O16 -> 0.16 | X16: =Q16/(O16+P16) -> 0.042758621 | Y16: =R16/R$488 -> 0.0021961486 | Z16: 752 | AA16: 858 | AB16: 1038 | AC16: =Z16/R16 -> 0.99470899 | AD16: =AA16/Z16 -> 1.1409574 | AE16: =AB16/AA16 -> 1.2097902 | AF16: =AB16/R16 -> 1.3730159 | AG16: =0.6*Z16+0.4*AA16 -> 794.4 | AH16: 2735 | AI16: =AH16/AG16 -> 3.4428499 | AJ16: =AI16/AI$488 -> 0.73162051
A17: Ashton | C17: Exminster | D17: 11 | G17: Dunsford | H17: 7 | I17: Teignbridge | J17: 5 | K17: 2 | L17: 2 | M17: 39 | N17: 42 | O17: 33 | P17: 6 | Q17: 137 | R17: 176 | S17: =R17/N17 -> 4.1904762 | T17: =O17/R17 -> 0.1875 | U17: =P17/R17 -> 0.034090909 | V17: =Q17/R17 -> 0.77840909 | W17: =P17/O17 -> 0.18181818 | X17: =Q17/(O17+P17) -> 3.5128205 | Y17: =R17/R$488 -> 0.00051127269 | Z17: 221 | AA17: 258 | AB17: 333 | AC17: =Z17/R17 -> 1.2556818 | AD17: =AA17/Z17 -> 1.1674208 | AE17: =AB17/AA17 -> 1.2906977 | AF17: =AB17/R17 -> 1.8920455 | AG17: =0.6*Z17+0.4*AA17 -> 235.8 | AH17: 1613 | AI17: =AH17/AG17 -> 6.8405428 | AJ17: =AI17/AI$488 -> 1.4536449
A18: Ashwater | C18: Black Torrington | D18: 3 | G18: Holsworthy | H18: 9 | I18: Torridge | J18: 9 | K18: 3 | L18: 2 | M18: 115 | N18: 115 | O18: 613 | P18: 28 | Q18: 2 | R18: 643 | S18: =R18/N18 -> 5.5913043 | T18: =O18/R18 -> 0.9533437 | U18: =P18/R18 -> 0.043545879 | V18: =Q18/R18 -> 0.0031104199 | W18: =P18/O18 -> 0.045676998 | X18: =Q18/(O18+P18) -> 0.0031201248 | Y18: =R18/R$488 -> 0.0018678883 | Z18: 677 | AA18: 774 | AB18: 862 | AC18: =Z18/R18 -> 1.0528771 | AD18: =AA18/Z18 -> 1.1432792 | AE18: =AB18/AA18 -> 1.1136951 | AF18: =AB18/R18 -> 1.340591 | AG18: =0.6*Z18+0.4*AA18 -> 715.8 | AH18: 1906 | AI18: =AH18/AG18 -> 2.662755 | AJ18: =AI18/AI$488 -> 0.56584695
A19: Atherington | C19: North Tawton & Winkleigh | D19: 19 | G19: Barnstaple | H19: 2 | I19: North Devon | J19: 10 | K19: 1 | L19: 4 | M19: 79 | N19: 89 | O19: 115 | P19: 30 | Q19: 339 | R19: 484 | S19: =R19/N19 -> 5.4382022 | T19: =O19/R19 -> 0.23760331 | U19: =P19/R19 -> 0.061983471 | V19: =Q19/R19 -> 0.70041322 | W19: =P19/O19 -> 0.26086957 | X19: =Q19/(O19+P19) -> 2.337931 | Y19: =R19/R$488 -> 0.0014059999 | Z19: 456 | AA19: 535 | AB19: 592 | AC19: =Z19/R19 -> 0.94214876 | AD19: =AA19/Z19 -> 1.1732456 | AE19: =AB19/AA19 -> 1.1065421 | AF19: =AB19/R19 -> 1.2231405 | AG19: =0.6*Z19+0.4*AA19 -> 487.6 | AH19: 2140 | AI19: =AH19/AG19 -> 4.3888433 | AJ19: =AI19/AI$488 -> 0.93264819
A20: Aveton Gifford | C20: Ermington | D20: 10 | G20: Woodleigh | H20: 25 | I20: South Hams | J20: 4 | K20: 4 | L20: 1 | M20: 143 | N20: 152 | O20: 143 | P20: 59 | Q20: 544 | R20: 746 | S20: =R20/N20 -> 4.9078947 | T20: =O20/R20 -> 0.19168901 | U20: =P20/R20 -> 0.079088472 | V20: =Q20/R20 -> 0.72922252 | W20: =P20/O20 -> 0.41258741 | X20: =Q20/(O20+P20) -> 2.6930693 | Y20: =R20/R$488 -> 0.002167099 | Z20: 828 | AA20: 924 | AB20: 939 | AC20: =Z20/R20 -> 1.1099196 | AD20: =AA20/Z20 -> 1.115942 | AE20: =AB20/AA20 -> 1.0162338 | AF20: =AB20/R20 -> 1.2587131 | AG20: =0.6*Z20+0.4*AA20 -> 866.4 | AH20: 5436 | AI20: =AH20/AG20 -> 6.2742382 | AJ20: =AI20/AI$488 -> 1.3333028
A21: Awliscombe | B21: 2 | C21: Hemyock | D21: 17 | G21: Dunkeswell | H21: 6 | I21: East Devon | J21: 6 | K21: 7 | L21: 3 | M21: 86 | N21: 105 | O21: 165 | P21: 194 | Q21: 67 | R21: 426 | S21: =R21/N21 -> 4.0571429 | T21: =O21/R21 -> 0.38732394 | U21: =P21/R21 -> 0.45539906 | V21: =Q21/R21 -> 0.157277 | W21: =P21/O21 -> 1.1757576 | X21: =Q21/(O21+P21) -> 0.18662953 | Y21: =R21/R$488 -> 0.0012375123 | Z21: 471 | AA21: 513 | AB21: 598 | AC21: =Z21/R21 -> 1.1056338 | AD21: =AA21/Z21 -> 1.089172 | AE21: =AB21/AA21 -> 1.165692 | AF21: =AB21/R21 -> 1.4037559 | AG21: =0.6*Z21+0.4*AA21 -> 487.8 | AH21: 3733 | AI21: =AH21/AG21 -> 7.6527265 | AJ21: =AI21/AI$488 -> 1.6262375
A22: Axminster (incl Beerhall) | B22: 1 | C22: Axminster | D22: 1 | E22: Yes | G22: Honiton | H22: 10 | I22: East Devon | J22: 6 | K22: 7 | L22: 1 | M22: 406 | N22: 411 | O22: 383 | P22: 572 | Q22: 1199 | R22: 2154 | S22: =R22/N22 -> 5.2408759 | T22: =O22/R22 -> 0.17780873 | U22: =P22/R22 -> 0.26555246 | V22: =Q22/R22 -> 0.55663881 | W22: =P22/O22 -> 1.4934726 | X22: =Q22/(O22+P22) -> 1.2554974 | Y22: =R22/R$488 -> 0.0062572806 | Z22: 2387 | AA22: 2742 | AB22: 2719 | AC22: =Z22/R22 -> 1.1081708 | AD22: =AA22/Z22 -> 1.1487222 | AE22: =AB22/AA22 -> 0.99161196 | AF22: =AB22/R22 -> 1.2623027 | AG22: =0.6*Z22+0.4*AA22 -> 2529 | AH22: 13797 | AI22: =AH22/AG22 -> 5.455516 | AJ22: =AI22/AI$488 -> 1.1593208
A23: Axmouth (incl Horsedown and Rousdon) | B23: 2 | C23: Axminster | D23: 1 | G23: Honiton | H23: 10 | I23: East Devon | J23: 6 | K23: 7 | L23: 2 | M23: 60 | N23: 66 | O23: 305 | P23: 8 | Q23: 62 | R23: 375 | S23: =R23/N23 -> 5.6818182 | T23: =O23/R23 -> 0.81333333 | U23: =P23/R23 -> 0.021333333 | V23: =Q23/R23 -> 0.16533333 | W23: =P23/O23 -> 0.026229508 | X23: =Q23/(O23+P23) -> 0.19808307 | Y23: =R23/R$488 -> 0.0010893594 | Z23: 466 | AA23: 543 | AB23: 656 | AC23: =Z23/R23 -> 1.2426667 | AD23: =AA23/Z23 -> 1.1652361 | AE23: =AB23/AA23 -> 1.2081031 | AF23: =AB23/R23 -> 1.7493333 | AG23: =0.6*Z23+0.4*AA23 -> 496.8 | AH23: 5139 | AI23: =AH23/AG23 -> 10.344203 | AJ23: =AI23/AI$488 -> 2.1981879
A24: Aylesbeare (incl Newton Poppleford) | C24: East Budleigh | D24: 9 | G24: Aylesbeare | H24: 1 | I24: East Devon | J24: 6 | K24: 6 | L24: 3 | M24: 139 | N24: 181 | O24: 366 | P24: 318 | Q24: 3 | R24: 687 | S24: =R24/N24 -> 3.7955801 | T24: =O24/R24 -> 0.53275109 | U24: =P24/R24 -> 0.4628821 | V24: =Q24/R24 -> 0.0043668122 | W24: =P24/O24 -> 0.86885246 | X24: =Q24/(O24+P24) -> 0.0043859649 | Y24: =R24/R$488 -> 0.0019957065 | Z24: 747 | AA24: 854 | AB24: 1025 | AC24: =Z24/R24 -> 1.0873362 | AD24: =AA24/Z24 -> 1.1432396 | AE24: =AB24/AA24 -> 1.2002342 | AF24: =AB24/R24 -> 1.4919942 | AG24: =0.6*Z24+0.4*AA24 -> 789.8 | AH24: 2526 | AI24: =AH24/AG24 -> 3.198278 | AJ24: =AI24/AI$488 -> 0.67964792
A25: Bampton | C25: Bampton | D25: 2 | E25: Yes | G25: Tiverton | H25: 22 | I25: Mid Devon | J25: 7 | K25: 2 | L25: 11 | M25: 279 | N25: 279 | O25: 330 | P25: 417 | Q25: 617 | R25: 1364 | S25: =R25/N25 -> 4.8888889 | T25: =O25/R25 -> 0.24193548 | U25: =P25/R25 -> 0.30571848 | V25: =Q25/R25 -> 0.45234604 | W25: =P25/O25 -> 1.2636364 | X25: =Q25/(O25+P25) -> 0.82597055 | Y25: =R25/R$488 -> 0.0039623634 | Z25: 1422 | AA25: 1633 | AB25: 1961 | AC25: =Z25/R25 -> 1.042522 | AD25: =AA25/Z25 -> 1.1483826 | AE25: =AB25/AA25 -> 1.2008573 | AF25: =AB25/R25 -> 1.4376833 | AG25: =0.6*Z25+0.4*AA25 -> 1506.4 | AH25: 7232 | AI25: =AH25/AG25 -> 4.8008497 | AJ25: =AI25/AI$488 -> 1.0202013
A26: Barnstaple | C26: Braunton | D26: 4 | E26: Yes | G26: Barnstaple | H26: 2 | I26: North Devon | J26: 10 | K26: 1 | L26: 10 | M26: 619 | N26: 828 | O26: 68 | P26: 578 | Q26: 3102 | R26: 3748 | S26: =R26/N26 -> 4.52657 | T26: =O26/R26 -> 0.01814301 | U26: =P26/R26 -> 0.15421558 | V26: =Q26/R26 -> 0.82764141 | W26: =P26/O26 -> 8.5 | X26: =Q26/(O26+P26) -> 4.8018576 | Y26: =R26/R$488 -> 0.010887784 | Z26: 4019 | AA26: 5079 | AB26: 6840 | AC26: =Z26/R26 -> 1.0723052 | AD26: =AA26/Z26 -> 1.2637472 | AE26: =AB26/AA26 -> 1.3467218 | AF26: =AB26/R26 -> 1.8249733 | AG26: =0.6*Z26+0.4*AA26 -> 4443 | AH26: 11278 | AI26: =AH26/AG26 -> 2.538375 | AJ26: =AI26/AI$488 -> 0.53941566
A27: Beaford | C27: Shebbear | D27: 23 | G27: Torrington | H27: 23 | I27: Torridge | J27: 9 | K27: 2 | L27: 6 | M27: 95 | N27: 100 | O27: 236 | P27: 30 | Q27: 250 | R27: 516 | S27: =R27/N27 -> 5.16 | T27: =O27/R27 -> 0.45736434 | U27: =P27/R27 -> 0.058139535 | V27: =Q27/R27 -> 0.48449612 | W27: =P27/O27 -> 0.12711864 | X27: =Q27/(O27+P27) -> 0.93984962 | Y27: =R27/R$488 -> 0.0014989586 | Z27: 540 | AA27: 582 | AB27: 624 | AC27: =Z27/R27 -> 1.0465116 | AD27: =AA27/Z27 -> 1.0777778 | AE27: =AB27/AA27 -> 1.0721649 | AF27: =AB27/R27 -> 1.2093023 | AG27: =0.6*Z27+0.4*AA27 -> 556.8 | AH27: 1736 | AI27: =AH27/AG27 -> 3.1178161 | AJ27: =AI27/AI$488 -> 0.66254941
A28: Beaworthy | C28: Black Torrington | D28: 3 | G28: Okehampton | H28: 14 | I28: West Devon | J28: 8 | K28: 3 | L28: 8 | M28: 35 | N28: 36 | O28: 150 | P28: 5 | Q28: 63 | R28: 218 | S28: =R28/N28 -> 6.0555556 | T28: =O28/R28 -> 0.68807339 | U28: =P28/R28 -> 0.02293578 | V28: =Q28/R28 -> 0.28899083 | W28: =P28/O28 -> 0.033333333 | X28: =Q28/(O28+P28) -> 0.40645161 | Y28: =R28/R$488 -> 0.00063328095 | Z28: 235 | AA28: 299 | AB28: 339 | AC28: =Z28/R28 -> 1.0779817 | AD28: =AA28/Z28 -> 1.2723404 | AE28: =AB28/AA28 -> 1.1337793 | AF28: =AB28/R28 -> 1.5550459 | AG28: =0.6*Z28+0.4*AA28 -> 260.6 | AH28: 878 | AI28: =AH28/AG28 -> 3.3691481 | AJ28: =AI28/AI$488 -> 0.71595855
A29: Belstone | C29: Black Torrington | D29: 3 | G29: Okehampton | H29: 14 | I29: West Devon | J29: 8 | K29: 3 | L29: 9 | M29: 29 | N29: 29 | O29: 75 | P29: 4 | Q29: 58 | R29: 137 | S29: =R29/N29 -> 4.7241379 | T29: =O29/R29 -> 0.54744526 | U29: =P29/R29 -> 0.02919708 | V29: =Q29/R29 -> 0.42335766 | W29: =P29/O29 -> 0.053333333 | X29: =Q29/(O29+P29) -> 0.73417722 | Y29: =R29/R$488 -> 0.00039797931 | Z29: 120 | AA29: 157 | AB29: 206 | AC29: =Z29/R29 -> 0.87591241 | AD29: =AA29/Z29 -> 1.3083333 | AE29: =AB29/AA29 -> 1.3121019 | AF29: =AB29/R29 -> 1.5036496 | AG29: =0.6*Z29+0.4*AA29 -> 134.8 | AH29: 696 | AI29: =AH29/AG29 -> 5.1632047 | AJ29: =AI29/AI$488 -> 1.0972033
A30: Bere Ferrers (incl Bere Alston) | C30: Roborough | D30: 22 | E30: Historically | G30: Tamerton | H30: 19 | I30: West Devon | J30: 8 | K30: 4 | L30: 7 | M30: 206 | N30: 217 | O30: 217 | P30: 38 | Q30: 855 | R30: 1110 | S30: =R30/N30 -> 5.1152074 | T30: =O30/R30 -> 0.1954955 | U30: =P30/R30 -> 0.034234234 | V30: =Q30/R30 -> 0.77027027 | W30: =P30/O30 -> 0.17511521 | X30: =Q30/(O30+P30) -> 3.3529412 | Y30: =R30/R$488 -> 0.0032245039 | Z30: 1504 | AA30: 2198 | AB30: 1876 | AC30: =Z30/R30 -> 1.354955 | AD30: =AA30/Z30 -> 1.4614362 | AE30: =AB30/AA30 -> 0.85350318 | AF30: =AB30/R30 -> 1.6900901 | AG30: =0.6*Z30+0.4*AA30 -> 1781.6 | AH30: 25559 | AI30: =AH30/AG30 -> 14.346093 | AJ30: =AI30/AI$488 -> 3.0486069
A31: Berry Pomeroy | C31: Haytor | D31: 16 | F31: Medium village | G31: Ipplepen | H31: 11 | I31: South Hams | J31: 4 | K31: 4 | L31: 16 | M31: 157 | N31: 226 | O31: 198 | P31: 324 | Q31: 602 | R31: 1124 | S31: =R31/N31 -> 4.9734513 | T31: =O31/R31 -> 0.17615658 | U31: =P31/R31 -> 0.28825623 | V31: =Q31/R31 -> 0.53558719 | W31: =P31/O31 -> 1.6363636 | X31: =Q31/(O31+P31) -> 1.1532567 | Y31: =R31/R$488 -> 0.0032651733 | Z31: 1179 | AA31: 1255 | AB31: 1186 | AC31: =Z31/R31 -> 1.0489324 | AD31: =AA31/Z31 -> 1.0644614 | AE31: =AB31/AA31 -> 0.94501992 | AF31: =AB31/R31 -> 1.0551601 | AG31: =0.6*Z31+0.4*AA31 -> 1209.4 | AH31: 7419 | AI31: =AH31/AG31 -> 6.1344468 | AJ31: =AI31/AI$488 -> 1.3035965
A32: Berrynarbour | C32: Braunton | D32: 4 | G32: Shirwell | H32: 17 | I32: North Devon | J32: 10 | K32: 1 | L32: 13 | M32: 83 | N32: 94 | O32: 501 | P32: 24 | Q32: 7 | R32: 532 | S32: =R32/N32 -> 5.6595745 | T32: =O32/R32 -> 0.94172932 | U32: =P32/R32 -> 0.045112782 | V32: =Q32/R32 -> 0.013157895 | W32: =P32/O32 -> 0.047904192 | X32: =Q32/(O32+P32) -> 0.013333333 | Y32: =R32/R$488 -> 0.0015454379 | Z32: 573 | AA32: 648 | AB32: 794 | AC32: =Z32/R32 -> 1.0770677 | AD32: =AA32/Z32 -> 1.1308901 | AE32: =AB32/AA32 -> 1.2253086 | AF32: =AB32/R32 -> 1.4924812 | AG32: =0.6*Z32+0.4*AA32 -> 603 | AH32: 3959 | AI32: =AH32/AG32 -> 6.5655058 | AJ32: =AI32/AI$488 -> 1.3951984
A33: Bickington | C33: Teignbridge | D33: 28 | G33: Moreton | H33: 13 | I33: Teignbridge | J33: 5 | K33: 4 | L33: 18 | M33: 40 | N33: 40 | O33: 115 | P33: 13 | Q33: 109 | R33: 237 | S33: =R33/N33 -> 5.925 | T33: =O33/R33 -> 0.48523207 | U33: =P33/R33 -> 0.054852321 | V33: =Q33/R33 -> 0.45991561 | W33: =P33/O33 -> 0.11304348 | X33: =Q33/(O33+P33) -> 0.8515625 | Y33: =R33/R$488 -> 0.00068847516 | Z33: 258 | AA33: 301 | AB33: 351 | AC33: =Z33/R33 -> 1.0886076 | AD33: =AA33/Z33 -> 1.1666667 | AE33: =AB33/AA33 -> 1.166113 | AF33: =AB33/R33 -> 1.4810127 | AG33: =0.6*Z33+0.4*AA33 -> 275.2 | AH33: 1516 | AI33: =AH33/AG33 -> 5.5087209 | AJ33: =AI33/AI$488 -> 1.170627
A34: Bickleigh (near Plymouth) | C34: Roborough | D34: 22 | G34: Tamerton | H34: 19 | I34: South Hams | J34: 4 | K34: 4 | L34: 8 | M34: 39 | N34: 51 | O34: 140 | P34: 14 | Q34: 110 | R34: 264 | S34: =R34/N34 -> 5.1764706 | T34: =O34/R34 -> 0.53030303 | U34: =P34/R34 -> 0.053030303 | V34: =Q34/R34 -> 0.41666667 | W34: =P34/O34 -> 0.1 | X34: =Q34/(O34+P34) -> 0.71428571 | Y34: =R34/R$488 -> 0.00076690904 | Z34: 300 | AA34: 457 | AB34: 466 | AC34: =Z34/R34 -> 1.1363636 | AD34: =AA34/Z34 -> 1.5233333 | AE34: =AB34/AA34 -> 1.0196937 | AF34: =AB34/R34 -> 1.7651515 | AG34: =0.6*Z34+0.4*AA34 -> 362.8 | AH34: 2281 | AI34: =AH34/AG34 -> 6.2872106 | AJ34: =AI34/AI$488 -> 1.3360594
A35: Bickleigh (near Tiverton) | C35: Hayridge | D35: 15 | G35: Tiverton | H35: 22 | I35: Mid Devon | J35: 7 | K35: 2 | L35: 14 | M35: 56 | N35: 56 | O35: 73 | P35: 34 | Q35: 190 | R35: 297 | S35: =R35/N35 -> 5.3035714 | T35: =O35/R35 -> 0.24579125 | U35: =P35/R35 -> 0.11447811 | V35: =Q35/R35 -> 0.63973064 | W35: =P35/O35 -> 0.46575342 | X35: =Q35/(O35+P35) -> 1.7757009 | Y35: =R35/R$488 -> 0.00086277267 | Z35: 254 | AA35: 273 | AB35: 323 | AC35: =Z35/R35 -> 0.85521886 | AD35: =AA35/Z35 -> 1.0748031 | AE35: =AB35/AA35 -> 1.1831502 | AF35: =AB35/R35 -> 1.0875421 | AG35: =0.6*Z35+0.4*AA35 -> 261.6 | AH35: 2487 | AI35: =AH35/AG35 -> 9.5068807 | AJ35: =AI35/AI$488 -> 2.0202533
A36: Bicton (incl Dotton) | C36: East Budleigh | D36: 9 | G36: Aylesbeare | H36: 1 | I36: East Devon | J36: 6 | K36: 6 | L36: 10 | M36: 24 | N36: 36 | O36: 28 | P36: 9 | Q36: 136 | R36: 173 | S36: =R36/N36 -> 4.8055556 | T36: =O36/R36 -> 0.16184971 | U36: =P36/R36 -> 0.052023121 | V36: =Q36/R36 -> 0.78612717 | W36: =P36/O36 -> 0.32142857 | X36: =Q36/(O36+P36) -> 3.6756757 | Y36: =R36/R$488 -> 0.00050255782 | Z36: 174 | AA36: 217 | AB36: 233 | AC36: =Z36/R36 -> 1.0057803 | AD36: =AA36/Z36 -> 1.2471264 | AE36: =AB36/AA36 -> 1.0737327 | AF36: =AB36/R36 -> 1.3468208 | AG36: =0.6*Z36+0.4*AA36 -> 191.2 | AH36: 1966 | AI36: =AH36/AG36 -> 10.282427 | AJ36: =AI36/AI$488 -> 2.1850602
A37: Bideford | C37: Shebbear | D37: 23 | E37: Yes | G37: Hartland | H37: 8 | I37: Torridge | J37: 9 | K37: 1 | L37: 7 | M37: 582 | N37: 613 | O37: 126 | P37: 325 | Q37: 2536 | R37: 2987 | S37: =R37/N37 -> 4.8727569 | T37: =O37/R37 -> 0.042182792 | U37: =P37/R37 -> 0.10880482 | V37: =Q37/R37 -> 0.84901239 | W37: =P37/O37 -> 2.5793651 | X37: =Q37/(O37+P37) -> 5.6230599 | Y37: =R37/R$488 -> 0.008677111 | Z37: 3244 | AA37: 4053 | AB37: 4846 | AC37: =Z37/R37 -> 1.0860395 | AD37: =AA37/Z37 -> 1.2493835 | AE37: =AB37/AA37 -> 1.1956575 | AF37: =AB37/R37 -> 1.6223636 | AG37: =0.6*Z37+0.4*AA37 -> 3567.6 | AH37: 9312 | AI37: =AH37/AG37 -> 2.6101581 | AJ37: =AI37/AI$488 -> 0.55466989
A38: Bigbury | C38: Ermington | D38: 10 | G38: Woodleigh | H38: 25 | I38: South Hams | J38: 4 | K38: 4 | L38: 11 | M38: 90 | N38: 91 | O38: 79 | P38: 18 | Q38: 333 | R38: 430 | S38: =R38/N38 -> 4.7252747 | T38: =O38/R38 -> 0.18372093 | U38: =P38/R38 -> 0.041860465 | V38: =Q38/R38 -> 0.7744186 | W38: =P38/O38 -> 0.2278481 | X38: =Q38/(O38+P38) -> 3.4329897 | Y38: =R38/R$488 -> 0.0012491321 | Z38: 474 | AA38: 536 | AB38: 578 | AC38: =Z38/R38 -> 1.1023256 | AD38: =AA38/Z38 -> 1.1308017 | AE38: =AB38/AA38 -> 1.0783582 | AF38: =AB38/R38 -> 1.344186 | AG38: =0.6*Z38+0.4*AA38 -> 498.8 | AH38: 4147 | AI38: =AH38/AG38 -> 8.3139535 | AJ38: =AI38/AI$488 -> 1.7667511
A39: Bishops Nympton | C39: Witheridge | D39: 31 | G39: South Molton | H39: 18 | I39: North Devon | J39: 10 | K39: 1 | L39: 8 | M39: 169 | N39: 171 | O39: 350 | P39: 83 | Q39: 469 | R39: 902 | S39: =R39/N39 -> 5.2748538 | T39: =O39/R39 -> 0.38802661 | U39: =P39/R39 -> 0.092017738 | V39: =Q39/R39 -> 0.51995565 | W39: =P39/O39 -> 0.23714286 | X39: =Q39/(O39+P39) -> 1.0831409 | Y39: =R39/R$488 -> 0.0026202725 | Z39: 920 | AA39: 1096 | AB39: 1116 | AC39: =Z39/R39 -> 1.0199557 | AD39: =AA39/Z39 -> 1.1913043 | AE39: =AB39/AA39 -> 1.0182482 | AF39: =AB39/R39 -> 1.2372506 | AG39: =0.6*Z39+0.4*AA39 -> 990.4 | AH39: 6646 | AI39: =AH39/AG39 -> 6.71042 | AJ39: =AI39/AI$488 -> 1.4259933
A40: Bishops Tawton | C40: South Molton | D40: 25 | G40: Barnstaple | H40: 2 | I40: North Devon | J40: 10 | K40: 1 | L40: 9 | M40: 144 | N40: 162 | O40: 280 | P40: 42 | Q40: 425 | R40: 747 | S40: =R40/N40 -> 4.6111111 | T40: =O40/R40 -> 0.37483266 | U40: =P40/R40 -> 0.0562249 | V40: =Q40/R40 -> 0.56894244 | W40: =P40/O40 -> 0.15 | X40: =Q40/(O40+P40) -> 1.3198758 | Y40: =R40/R$488 -> 0.002170004 | Z40: 978 | AA40: 1200 | AB40: 1641 | AC40: =Z40/R40 -> 1.3092369 | AD40: =AA40/Z40 -> 1.2269939 | AE40: =AB40/AA40 -> 1.3675 | AF40: =AB40/R40 -> 2.1967871 | AG40: =0.6*Z40+0.4*AA40 -> 1066.8 | AH40: 5663 | AI40: =AH40/AG40 -> 5.308399 | AJ40: =AI40/AI$488 -> 1.1280577
A41: Bishopsteignton | C41: Exminster | D41: 11 | G41: Kenn | H41: 12 | I41: Teignbridge | J41: 5 | K41: 6 | L41: 4 | M41: 157 | N41: 159 | O41: 162 | P41: 39 | Q41: 472 | R41: 673 | S41: =R41/N41 -> 4.2327044 | T41: =O41/R41 -> 0.24071322 | U41: =P41/R41 -> 0.05794948 | V41: =Q41/R41 -> 0.7013373 | W41: =P41/O41 -> 0.24074074 | X41: =Q41/(O41+P41) -> 2.3482587 | Y41: =R41/R$488 -> 0.0019550371 | Z41: 753 | AA41: 946 | AB41: 1085 | AC41: =Z41/R41 -> 1.1188707 | AD41: =AA41/Z41 -> 1.2563081 | AE41: =AB41/AA41 -> 1.1469345 | AF41: =AB41/R41 -> 1.6121842 | AG41: =0.6*Z41+0.4*AA41 -> 830.2 | AH41: 4904 | AI41: =AH41/AG41 -> 5.9070104 | AJ41: =AI41/AI$488 -> 1.2552653
A42: Bittadon | C42: Braunton | D42: 4 | G42: Shirwell | H42: 17 | I42: North Devon | J42: 10 | K42: 1 | L42: 14 | M42: 5 | N42: 5 | O42: 19 | P42: 1 | Q42: 4 | R42: 24 | S42: =R42/N42 -> 4.8 | T42: =O42/R42 -> 0.79166667 | U42: =P42/R42 -> 0.041666667 | V42: =Q42/R42 -> 0.16666667 | W42: =P42/O42 -> 0.052631579 | X42: =Q42/(O42+P42) -> 0.2 | Y42: =R42/R$488 -> 6.9719003e-05 | Z42: 34 | AA42: 52 | AB42: 57 | AC42: =Z42/R42 -> 1.4166667 | AD42: =AA42/Z42 -> 1.5294118 | AE42: =AB42/AA42 -> 1.0961538 | AF42: =AB42/R42 -> 2.375 | AG42: =0.6*Z42+0.4*AA42 -> 41.2 | AH42: 688 | AI42: =AH42/AG42 -> 16.699029 | AJ42: =AI42/AI$488 -> 3.5486159
A43: Black Torrington | C43: Black Torrington | D43: 3 | G43: Holsworthy | H43: 9 | I43: Torridge | J43: 9 | K43: 2 | L43: 3 | M43: 142 | N43: 148 | O43: 346 | P43: 26 | Q43: 334 | R43: 706 | S43: =R43/N43 -> 4.7702703 | T43: =O43/R43 -> 0.49008499 | U43: =P43/R43 -> 0.036827195 | V43: =Q43/R43 -> 0.47308782 | W43: =P43/O43 -> 0.075144509 | X43: =Q43/(O43+P43) -> 0.89784946 | Y43: =R43/R$488 -> 0.0020509007 | Z43: 754 | AA43: 880 | AB43: 1083 | AC43: =Z43/R43 -> 1.0679887 | AD43: =AA43/Z43 -> 1.1671088 | AE43: =AB43/AA43 -> 1.2306818 | AF43: =AB43/R43 -> 1.5339943 | AG43: =0.6*Z43+0.4*AA43 -> 804.4 | AH43: 3123 | AI43: =AH43/AG43 -> 3.8823968 | AJ43: =AI43/AI$488 -> 0.82502612
A44: Blackawton | C44: Coleridge | D44: 6 | F44: Medium village | G44: Totnes | H44: 24 | I44: South Hams | J44: 4 | K44: 4 | L44: 14 | M44: 198 | N44: 198 | O44: 415 | P44: 92 | Q44: 512 | R44: 1019 | S44: =R44/N44 -> 5.1464646 | T44: =O44/R44 -> 0.40726202 | U44: =P44/R44 -> 0.090284593 | V44: =Q44/R44 -> 0.50245339 | W44: =P44/O44 -> 0.22168675 | X44: =Q44/(O44+P44) -> 1.0098619 | Y44: =R44/R$488 -> 0.0029601527 | Z44: 1109 | AA44: 1227 | AB44: 1477 | AC44: =Z44/R44 -> 1.0883219 | AD44: =AA44/Z44 -> 1.1064022 | AE44: =AB44/AA44 -> 1.203749 | AF44: =AB44/R44 -> 1.4494603 | AG44: =0.6*Z44+0.4*AA44 -> 1156.2 | AH44: 8332 | AI44: =AH44/AG44 -> 7.2063657 | AJ44: =AI44/AI$488 -> 1.5313839
A45: Bondleigh | C45: North Tawton & Winkleigh | D45: 19 | G45: Chulmleigh | H45: 5 | I45: West Devon | J45: 8 | K45: 2 | L45: 9 | M45: 55 | N45: 63 | O45: 42 | P45: 80 | Q45: 164 | R45: 286 | S45: =R45/N45 -> 4.5396825 | T45: =O45/R45 -> 0.14685315 | U45: =P45/R45 -> 0.27972028 | V45: =Q45/R45 -> 0.57342657 | W45: =P45/O45 -> 1.9047619 | X45: =Q45/(O45+P45) -> 1.3442623 | Y45: =R45/R$488 -> 0.00083081812 | Z45: 303 | AA45: 335 | AB45: 339 | AC45: =Z45/R45 -> 1.0594406 | AD45: =AA45/Z45 -> 1.1056106 | AE45: =AB45/AA45 -> 1.0119403 | AF45: =AB45/R45 -> 1.1853147 | AG45: =0.6*Z45+0.4*AA45 -> 315.8 | AH45: 1185 | AI45: =AH45/AG45 -> 3.7523749 | AJ45: =AI45/AI$488 -> 0.7973959
A46: Bovey Tracey | C46: Teignbridge | D46: 28 | E46: Historically | G46: Moreton | H46: 13 | I46: Teignbridge | J46: 5 | K46: 5 | L46: 2 | M46: 286 | N46: 286 | O46: 326 | P46: 78 | Q46: 1027 | R46: 1431 | S46: =R46/N46 -> 5.0034965 | T46: =O46/R46 -> 0.22781272 | U46: =P46/R46 -> 0.054507338 | V46: =Q46/R46 -> 0.71767994 | W46: =P46/O46 -> 0.2392638 | X46: =Q46/(O46+P46) -> 2.5420792 | Y46: =R46/R$488 -> 0.0041569956 | Z46: 1385 | AA46: 1685 | AB46: 1697 | AC46: =Z46/R46 -> 0.96785465 | AD46: =AA46/Z46 -> 1.2166065 | AE46: =AB46/AA46 -> 1.0071217 | AF46: =AB46/R46 -> 1.185884 | AG46: =0.6*Z46+0.4*AA46 -> 1505 | AH46: 6714 | AI46: =AH46/AG46 -> 4.4611296 | AJ46: =AI46/AI$488 -> 0.94800933
A47: Bow (or Nymet Tracy) | C47: North Tawton & Winkleigh | D47: 19 | E47: Historically | G47: Chulmleigh | H47: 5 | I47: Mid Devon | J47: 7 | K47: 6 | L47: 6 | M47: 150 | N47: 181 | O47: 123 | P47: 158 | Q47: 396 | R47: 677 | S47: =R47/N47 -> 3.7403315 | T47: =O47/R47 -> 0.1816839 | U47: =P47/R47 -> 0.23338257 | V47: =Q47/R47 -> 0.58493353 | W47: =P47/O47 -> 1.2845528 | X47: =Q47/(O47+P47) -> 1.4092527 | Y47: =R47/R$488 -> 0.0019666569 | Z47: 727 | AA47: 872 | AB47: 962 | AC47: =Z47/R47 -> 1.0738552 | AD47: =AA47/Z47 -> 1.1994498 | AE47: =AB47/AA47 -> 1.103211 | AF47: =AB47/R47 -> 1.4209749 | AG47: =0.6*Z47+0.4*AA47 -> 785 | AH47: 2165 | AI47: =AH47/AG47 -> 2.7579618 | AJ47: =AI47/AI$488 -> 0.58607881
A48: Boyton (Mostly Cornwall, but Northcott = Devon) | C48: Black Torrington | D48: 3 | G48: Trigg Major (Cornwall) | H48: 26 | I48: Torridge | J48: 9 | K48: 3 | L48: 35 | M48: 12 | N48: 12 | O48: 22 | P48: 0 | Q48: 49 | R48: 71 | S48: =R48/N48 -> 5.9166667 | T48: =O48/R48 -> 0.30985915 | U48: =P48/R48 -> 0 | V48: =Q48/R48 -> 0.69014085 | W48: =P48/O48 -> 0 | X48: =Q48/(O48+P48) -> 2.2272727 | Y48: =R48/R$488 -> 0.00020625205 | Z48: 65 | AA48: 83 | AB48: 105 | AC48: =Z48/R48 -> 0.91549296 | AD48: =AA48/Z48 -> 1.2769231 | AE48: =AB48/AA48 -> 1.2650602 | AF48: =AB48/R48 -> 1.4788732 | AG48: =0.6*Z48+0.4*AA48 -> 72.2 | AH48: 313 | AI48: =AH48/AG48 -> 4.3351801 | AJ48: =AI48/AI$488 -> 0.92124452
A49: Bradford | C49: Black Torrington | D49: 3 | G49: Holsworthy | H49: 9 | I49: Torridge | J49: 9 | K49: 3 | L49: 6 | M49: 44 | N49: 63 | O49: 150 | P49: 10 | Q49: 192 | R49: 352 | S49: =R49/N49 -> 5.5873016 | T49: =O49/R49 -> 0.42613636 | U49: =P49/R49 -> 0.028409091 | V49: =Q49/R49 -> 0.54545455 | W49: =P49/O49 -> 0.066666667 | X49: =Q49/(O49+P49) -> 1.2 | Y49: =R49/R$488 -> 0.0010225454 | Z49: 338 | AA49: 384 | AB49: 487 | AC49: =Z49/R49 -> 0.96022727 | AD49: =AA49/Z49 -> 1.1360947 | AE49: =AB49/AA49 -> 1.2682292 | AF49: =AB49/R49 -> 1.3835227 | AG49: =0.6*Z49+0.4*AA49 -> 356.4 | AH49: 1763 | AI49: =AH49/AG49 -> 4.9466891 | AJ49: =AI49/AI$488 -> 1.0511928
A50: Bradninch | C50: Hayridge | D50: 15 | E50: Historically | G50: Plymtree | H50: 16 | I50: Mid Devon | J50: 7 | K50: 6 | L50: 7 | M50: 247 | N50: 260 | O50: 529 | P50: 648 | Q50: 10 | R50: 1187 | S50: =R50/N50 -> 4.5653846 | T50: =O50/R50 -> 0.44566133 | U50: =P50/R50 -> 0.54591407 | V50: =Q50/R50 -> 0.0084245998 | W50: =P50/O50 -> 1.2249527 | X50: =Q50/(O50+P50) -> 0.0084961767 | Y50: =R50/R$488 -> 0.0034481857 | Z50: 1321 | AA50: 1511 | AB50: 1524 | AC50: =Z50/R50 -> 1.1128896 | AD50: =AA50/Z50 -> 1.1438304 | AE50: =AB50/AA50 -> 1.0086036 | AF50: =AB50/R50 -> 1.283909 | AG50: =0.6*Z50+0.4*AA50 -> 1397 | AH50: 7417 | AI50: =AH50/AG50 -> 5.3092341 | AJ50: =AI50/AI$488 -> 1.1282352
A51: Bradstone | C51: Lifton | D51: 18 | G51: Tavistock | H51: 20 | I51: West Devon | J51: 8 | K51: 4 | L51: 5 | M51: 14 | N51: 20 | O51: 43 | P51: 0 | Q51: 62 | R51: 105 | S51: =R51/N51 -> 5.25 | T51: =O51/R51 -> 0.40952381 | U51: =P51/R51 -> 0 | V51: =Q51/R51 -> 0.59047619 | W51: =P51/O51 -> 0 | X51: =Q51/(O51+P51) -> 1.4418605 | Y51: =R51/R$488 -> 0.00030502064 | Z51: 133 | AA51: 115 | AB51: 162 | AC51: =Z51/R51 -> 1.2666667 | AD51: =AA51/Z51 -> 0.86466165 | AE51: =AB51/AA51 -> 1.4086957 | AF51: =AB51/R51 -> 1.5428571 | AG51: =0.6*Z51+0.4*AA51 -> 125.8 | AH51: 1404 | AI51: =AH51/AG51 -> 11.160572 | AJ51: =AI51/AI$488 -> 2.3716699
A52: Bradworthy | C52: Black Torrington | D52: 3 | G52: Holsworthy | H52: 9 | I52: Torridge | J52: 9 | K52: 3 | L52: 5 | M52: 94 | N52: 124 | O52: 322 | P52: 30 | Q52: 282 | R52: 634 | S52: =R52/N52 -> 5.1129032 | T52: =O52/R52 -> 0.50788644 | U52: =P52/R52 -> 0.047318612 | V52: =Q52/R52 -> 0.44479495 | W52: =P52/O52 -> 0.093167702 | X52: =Q52/(O52+P52) -> 0.80113636 | Y52: =R52/R$488 -> 0.0018417437 | Z52: 763 | AA52: 978 | AB52: 1027 | AC52: =Z52/R52 -> 1.20347 | AD52: =AA52/Z52 -> 1.2817824 | AE52: =AB52/AA52 -> 1.0501022 | AF52: =AB52/R52 -> 1.6198738 | AG52: =0.6*Z52+0.4*AA52 -> 849 | AH52: 3205 | AI52: =AH52/AG52 -> 3.7750294 | AJ52: =AI52/AI$488 -> 0.80221009
A53: Brampford Speke | C53: Wonford | D53: 32 | G53: Cadbury | H53: 3 | I53: East Devon | J53: 6 | K53: 6 | L53: 5 | M53: 44 | N53: 44 | O53: 75 | P53: 14 | Q53: 184 | R53: 273 | S53: =R53/N53 -> 6.2045455 | T53: =O53/R53 -> 0.27472527 | U53: =P53/R53 -> 0.051282051 | V53: =Q53/R53 -> 0.67399267 | W53: =P53/O53 -> 0.18666667 | X53: =Q53/(O53+P53) -> 2.0674157 | Y53: =R53/R$488 -> 0.00079305366 | Z53: 273 | AA53: 303 | AB53: 374 | AC53: =Z53/R53 -> 1 | AD53: =AA53/Z53 -> 1.1098901 | AE53: =AB53/AA53 -> 1.2343234 | AF53: =AB53/R53 -> 1.3699634 | AG53: =0.6*Z53+0.4*AA53 -> 285 | AH53: 3371 | AI53: =AH53/AG53 -> 11.82807 | AJ53: =AI53/AI$488 -> 2.5135161
A54: Branscombe | B54: 4 | C54: Colyton | D54: 7 | G54: Aylesbeare | H54: 1 | I54: East Devon | J54: 6 | K54: 7 | L54: 4 | M54: 116 | N54: 119 | O54: 370 | P54: 40 | Q54: 193 | R54: 603 | S54: =R54/N54 -> 5.0672269 | T54: =O54/R54 -> 0.61359867 | U54: =P54/R54 -> 0.066334992 | V54: =Q54/R54 -> 0.32006633 | W54: =P54/O54 -> 0.10810811 | X54: =Q54/(O54+P54) -> 0.47073171 | Y54: =R54/R$488 -> 0.00175169 | Z54: 595 | AA54: 773 | AB54: 829 | AC54: =Z54/R54 -> 0.986733 | AD54: =AA54/Z54 -> 1.2991597 | AE54: =AB54/AA54 -> 1.072445 | AF54: =AB54/R54 -> 1.3747927 | AG54: =0.6*Z54+0.4*AA54 -> 666.2 | AH54: 3629 | AI54: =AH54/AG54 -> 5.4473131 | AJ54: =AI54/AI$488 -> 1.1575776
A55: Bratton Clovelly | C55: Lifton | D55: 18 | G55: Okehampton | H55: 14 | I55: West Devon | J55: 8 | K55: 3 | L55: 12 | M55: 84 | N55: 96 | O55: 120 | P55: 12 | Q55: 416 | R55: 548 | S55: =R55/N55 -> 5.7083333 | T55: =O55/R55 -> 0.2189781 | U55: =P55/R55 -> 0.02189781 | V55: =Q55/R55 -> 0.75912409 | W55: =P55/O55 -> 0.1 | X55: =Q55/(O55+P55) -> 3.1515152 | Y55: =R55/R$488 -> 0.0015919172 | Z55: 573 | AA55: 705 | AB55: 787 | AC55: =Z55/R55 -> 1.0456204 | AD55: =AA55/Z55 -> 1.2303665 | AE55: =AB55/AA55 -> 1.1163121 | AF55: =AB55/R55 -> 1.4361314 | AG55: =0.6*Z55+0.4*AA55 -> 625.8 | AH55: 2133 | AI55: =AH55/AG55 -> 3.4084372 | AJ55: =AI55/AI$488 -> 0.72430765
A56: Bratton Fleming | C56: Braunton | D56: 4 | G56: Shirwell | H56: 17 | I56: North Devon | J56: 10 | K56: 1 | L56: 11 | M56: 67 | N56: 79 | O56: 373 | P56: 15 | Q56: 18 | R56: 406 | S56: =R56/N56 -> 5.1392405 | T56: =O56/R56 -> 0.91871921 | U56: =P56/R56 -> 0.036945813 | V56: =Q56/R56 -> 0.044334975 | W56: =P56/O56 -> 0.040214477 | X56: =Q56/(O56+P56) -> 0.046391753 | Y56: =R56/R$488 -> 0.0011794131 | Z56: 434 | AA56: 490 | AB56: 534 | AC56: =Z56/R56 -> 1.0689655 | AD56: =AA56/Z56 -> 1.1290323 | AE56: =AB56/AA56 -> 1.0897959 | AF56: =AB56/R56 -> 1.3152709 | AG56: =0.6*Z56+0.4*AA56 -> 456.4 | AH56: 3377 | AI56: =AH56/AG56 -> 7.3992112 | AJ56: =AI56/AI$488 -> 1.5723644
A57: Braunton | C57: Braunton | D57: 4 | F57: Medium village | G57: Shirwell | H57: 17 | I57: North Devon | J57: 10 | K57: 1 | L57: 15 | M57: 255 | N57: 265 | O57: 323 | P57: 60 | Q57: 913 | R57: 1296 | S57: =R57/N57 -> 4.890566 | T57: =O57/R57 -> 0.2492284 | U57: =P57/R57 -> 0.046296296 | V57: =Q57/R57 -> 0.70447531 | W57: =P57/O57 -> 0.18575851 | X57: =Q57/(O57+P57) -> 2.383812 | Y57: =R57/R$488 -> 0.0037648262 | Z57: 1390 | AA57: 1699 | AB57: 2047 | AC57: =Z57/R57 -> 1.0725309 | AD57: =AA57/Z57 -> 1.2223022 | AE57: =AB57/AA57 -> 1.2048264 | AF57: =AB57/R57 -> 1.5794753 | AG57: =0.6*Z57+0.4*AA57 -> 1513.6 | AH57: 7455 | AI57: =AH57/AG57 -> 4.9253436 | AJ57: =AI57/AI$488 -> 1.0466568
A58: Brendon | C58: Shirwell | D58: 24 | G58: Shirwell | H58: 17 | I58: North Devon | J58: 10 | K58: 1 | L58: 12 | M58: 40 | N58: 51 | O58: 124 | P58: 79 | Q58: 57 | R58: 260 | S58: =R58/N58 -> 5.0980392 | T58: =O58/R58 -> 0.47692308 | U58: =P58/R58 -> 0.30384615 | V58: =Q58/R58 -> 0.21923077 | W58: =P58/O58 -> 0.63709677 | X58: =Q58/(O58+P58) -> 0.28078818 | Y58: =R58/R$488 -> 0.0007552892 | Z58: 236 | AA58: 275 | AB58: 259 | AC58: =Z58/R58 -> 0.90769231 | AD58: =AA58/Z58 -> 1.1652542 | AE58: =AB58/AA58 -> 0.94181818 | AF58: =AB58/R58 -> 0.99615385 | AG58: =0.6*Z58+0.4*AA58 -> 251.6 | AH58: 717 | AI58: =AH58/AG58 -> 2.8497615 | AJ58: =AI58/AI$488 -> 0.60558665
A59: Brentor | C59: Tavistock | D59: 27 | G59: Tavistock | H59: 20 | I59: West Devon | J59: 8 | K59: 4 | L59: 6 | M59: 17 | N59: 17 | O59: 61 | P59: 9 | Q59: 38 | R59: 108 | S59: =R59/N59 -> 6.3529412 | T59: =O59/R59 -> 0.56481481 | U59: =P59/R59 -> 0.083333333 | V59: =Q59/R59 -> 0.35185185 | W59: =P59/O59 -> 0.14754098 | X59: =Q59/(O59+P59) -> 0.54285714 | Y59: =R59/R$488 -> 0.00031373552 | Z59: 104 | AA59: 151 | AB59: 147 | AC59: =Z59/R59 -> 0.96296296 | AD59: =AA59/Z59 -> 1.4519231 | AE59: =AB59/AA59 -> 0.97350993 | AF59: =AB59/R59 -> 1.3611111 | AG59: =0.6*Z59+0.4*AA59 -> 122.8 | AH59: 887 | AI59: =AH59/AG59 -> 7.223127 | AJ59: =AI59/AI$488 -> 1.5349457
A60: Bridestowe | C60: Lifton | D60: 18 | G60: Tavistock | H60: 20 | I60: West Devon | J60: 8 | K60: 3 | L60: 10 | M60: 91 | N60: 98 | O60: 111 | P60: 16 | Q60: 454 | R60: 581 | S60: =R60/N60 -> 5.9285714 | T60: =O60/R60 -> 0.19104991 | U60: =P60/R60 -> 0.027538726 | V60: =Q60/R60 -> 0.78141136 | W60: =P60/O60 -> 0.14414414 | X60: =Q60/(O60+P60) -> 3.5748031 | Y60: =R60/R$488 -> 0.0016877809 | Z60: 664 | AA60: 787 | AB60: 907 | AC60: =Z60/R60 -> 1.1428571 | AD60: =AA60/Z60 -> 1.185241 | AE60: =AB60/AA60 -> 1.1524778 | AF60: =AB60/R60 -> 1.5611015 | AG60: =0.6*Z60+0.4*AA60 -> 713.2 | AH60: 3804 | AI60: =AH60/AG60 -> 5.3337072 | AJ60: =AI60/AI$488 -> 1.1334359
A61: Bridford | C61: Wonford | D61: 32 | G61: Dunsford | H61: 7 | I61: Teignbridge | J61: 5 | K61: 2 | L61: 15 | M61: 70 | N61: 80 | O61: 144 | P61: 23 | Q61: 277 | R61: 444 | S61: =R61/N61 -> 5.55 | T61: =O61/R61 -> 0.32432432 | U61: =P61/R61 -> 0.051801802 | V61: =Q61/R61 -> 0.62387387 | W61: =P61/O61 -> 0.15972222 | X61: =Q61/(O61+P61) -> 1.6586826 | Y61: =R61/R$488 -> 0.0012898016 | Z61: 416 | AA61: 491 | AB61: 529 | AC61: =Z61/R61 -> 0.93693694 | AD61: =AA61/Z61 -> 1.1802885 | AE61: =AB61/AA61 -> 1.0773931 | AF61: =AB61/R61 -> 1.1914414 | AG61: =0.6*Z61+0.4*AA61 -> 446 | AH61: 2193 | AI61: =AH61/AG61 -> 4.9170404 | AJ61: =AI61/AI$488 -> 1.0448923
A62: Bridgerule (Mostly Cornwall. Devon part only) | C62: Black Torrington | D62: 3 | G62: Holsworthy | H62: 9 | I62: Torridge | J62: 9 | K62: 3 | L62: 7 | M62: 23 | N62: 23 | O62: 62 | P62: 2 | Q62: 76 | R62: 140 | S62: =R62/N62 -> 6.0869565 | T62: =O62/R62 -> 0.44285714 | U62: =P62/R62 -> 0.014285714 | V62: =Q62/R62 -> 0.54285714 | W62: =P62/O62 -> 0.032258065 | X62: =Q62/(O62+P62) -> 1.1875 | Y62: =R62/R$488 -> 0.00040669419 | Z62: 143 | AA62: 198 | AB62: 217 | AC62: =Z62/R62 -> 1.0214286 | AD62: =AA62/Z62 -> 1.3846154 | AE62: =AB62/AA62 -> 1.0959596 | AF62: =AB62/R62 -> 1.55 | AG62: =0.6*Z62+0.4*AA62 -> 165 | AH62: 1078 | AI62: =AH62/AG62 -> 6.5333333 | AJ62: =AI62/AI$488 -> 1.3883616
A63: Brixham (All Saints & St Mary) | C63: Haytor | D63: 16 | E63: Yes | G63: Ipplepen | H63: 11 | I63: Torbay | J63: 3 | K63: 4 | L63: 15 | M63: 701 | N63: 906 | O63: 245 | P63: 556 | Q63: 2870 | R63: 3671 | S63: =R63/N63 -> 4.0518764 | T63: =O63/R63 -> 0.066739308 | U63: =P63/R63 -> 0.15145737 | V63: =Q63/R63 -> 0.78180332 | W63: =P63/O63 -> 2.2693878 | X63: =Q63/(O63+P63) -> 3.5830212 | Y63: =R63/R$488 -> 0.010664103 | Z63: 4341 | AA63: 4503 | AB63: 5015 | AC63: =Z63/R63 -> 1.1825116 | AD63: =AA63/Z63 -> 1.0373186 | AE63: =AB63/AA63 -> 1.113702 | AF63: =AB63/R63 -> 1.3661128 | AG63: =0.6*Z63+0.4*AA63 -> 4405.8 | AH63: 16113 | AI63: =AH63/AG63 -> 3.6572246 | AJ63: =AI63/AI$488 -> 0.77717604
A64: Brixton | C64: Plympton | D64: 21 | G64: Plympton | H64: 15 | I64: South Hams | J64: 4 | K64: 4 | L64: 10 | M64: 125 | N64: 147 | O64: 165 | P64: 58 | Q64: 412 | R64: 635 | S64: =R64/N64 -> 4.3197279 | T64: =O64/R64 -> 0.25984252 | U64: =P64/R64 -> 0.091338583 | V64: =Q64/R64 -> 0.6488189 | W64: =P64/O64 -> 0.35151515 | X64: =Q64/(O64+P64) -> 1.8475336 | Y64: =R64/R$488 -> 0.0018446486 | Z64: 729 | AA64: 854 | AB64: 796 | AC64: =Z64/R64 -> 1.1480315 | AD64: =AA64/Z64 -> 1.1714678 | AE64: =AB64/AA64 -> 0.93208431 | AF64: =AB64/R64 -> 1.2535433 | AG64: =0.6*Z64+0.4*AA64 -> 779 | AH64: 5635 | AI64: =AH64/AG64 -> 7.2336329 | AJ64: =AI64/AI$488 -> 1.5371783
A65: Broadclyst | C65: Cliston | D65: 5 | F65: Large village | G65: Aylesbeare | H65: 1 | I65: East Devon | J65: 6 | K65: 6 | L65: 9 | M65: 394 | N65: 394 | O65: 1314 | P65: 213 | Q65: 13 | R65: 1540 | S65: =R65/N65 -> 3.9086294 | T65: =O65/R65 -> 0.85324675 | U65: =P65/R65 -> 0.13831169 | V65: =Q65/R65 -> 0.0084415584 | W65: =P65/O65 -> 0.16210046 | X65: =Q65/(O65+P65) -> 0.008513425 | Y65: =R65/R$488 -> 0.004473636 | Z65: 1737 | AA65: 1885 | AB65: 2085 | AC65: =Z65/R65 -> 1.1279221 | AD65: =AA65/Z65 -> 1.0852044 | AE65: =AB65/AA65 -> 1.1061008 | AF65: =AB65/R65 -> 1.3538961 | AG65: =0.6*Z65+0.4*AA65 -> 1796.2 | AH65: 14746 | AI65: =AH65/AG65 -> 8.2095535 | AJ65: =AI65/AI$488 -> 1.7445656
A66: Broadhembury | C66: Hayridge | D66: 15 | G66: Plymtree | H66: 16 | I66: East Devon | J66: 6 | K66: 6 | L66: 8 | M66: 152 | N66: 152 | O66: 271 | P66: 23 | Q66: 486 | R66: 780 | S66: =R66/N66 -> 5.1315789 | T66: =O66/R66 -> 0.3474359 | U66: =P66/R66 -> 0.029487179 | V66: =Q66/R66 -> 0.62307692 | W66: =P66/O66 -> 0.084870849 | X66: =Q66/(O66+P66) -> 1.6530612 | Y66: =R66/R$488 -> 0.0022658676 | Z66: 664 | AA66: 892 | AB66: 849 | AC66: =Z66/R66 -> 0.85128205 | AD66: =AA66/Z66 -> 1.3433735 | AE66: =AB66/AA66 -> 0.95179372 | AF66: =AB66/R66 -> 1.0884615 | AG66: =0.6*Z66+0.4*AA66 -> 755.2 | AH66: 5273 | AI66: =AH66/AG66 -> 6.9822564 | AJ66: =AI66/AI$488 -> 1.4837597
A67: Broadhempston | C67: Haytor | D67: 16 | G67: Ipplepen | H67: 11 | I67: Teignbridge | J67: 5 | K67: 4 | L67: 17 | M67: 127 | N67: 132 | O67: 132 | P67: 130 | Q67: 405 | R67: 667 | S67: =R67/N67 -> 5.0530303 | T67: =O67/R67 -> 0.19790105 | U67: =P67/R67 -> 0.19490255 | V67: =Q67/R67 -> 0.6071964 | W67: =P67/O67 -> 0.98484848 | X67: =Q67/(O67+P67) -> 1.5458015 | Y67: =R67/R$488 -> 0.0019376073 | Z67: 708 | AA67: 789 | AB67: 748 | AC67: =Z67/R67 -> 1.0614693 | AD67: =AA67/Z67 -> 1.1144068 | AE67: =AB67/AA67 -> 0.94803549 | AF67: =AB67/R67 -> 1.1214393 | AG67: =0.6*Z67+0.4*AA67 -> 740.4 | AH67: 3544 | AI67: =AH67/AG67 -> 4.7866018 | AJ67: =AI67/AI$488 -> 1.0171736
A68: Broadwoodkelly | C68: Black Torrington | D68: 3 | G68: Okehampton | H68: 14 | I68: West Devon | J68: 8 | K68: 2 | L68: 8 | M68: 61 | N68: 63 | O68: 303 | P68: 8 | Q68: 0 | R68: 311 | S68: =R68/N68 -> 4.9365079 | T68: =O68/R68 -> 0.97427653 | U68: =P68/R68 -> 0.025723473 | V68: =Q68/R68 -> 0 | W68: =P68/O68 -> 0.02640264 | X68: =Q68/(O68+P68) -> 0 | Y68: =R68/R$488 -> 0.00090344209 | Z68: 342 | AA68: 389 | AB68: 388 | AC68: =Z68/R68 -> 1.0996785 | AD68: =AA68/Z68 -> 1.1374269 | AE68: =AB68/AA68 -> 0.99742931 | AF68: =AB68/R68 -> 1.2475884 | AG68: =0.6*Z68+0.4*AA68 -> 360.8 | AH68: 1707 | AI68: =AH68/AG68 -> 4.731153 | AJ68: =AI68/AI$488 -> 1.0053905
A69: Broadwoodwidger | C69: Lifton | D69: 18 | G69: Tavistock | H69: 20 | I69: Torridge | J69: 9 | K69: 3 | L69: 11 | M69: 106 | N69: 126 | O69: 427 | P69: 10 | Q69: 149 | R69: 586 | S69: =R69/N69 -> 4.6507937 | T69: =O69/R69 -> 0.72866894 | U69: =P69/R69 -> 0.017064846 | V69: =Q69/R69 -> 0.25426621 | W69: =P69/O69 -> 0.023419204 | X69: =Q69/(O69+P69) -> 0.3409611 | Y69: =R69/R$488 -> 0.0017023057 | Z69: 688 | AA69: 748 | AB69: 879 | AC69: =Z69/R69 -> 1.1740614 | AD69: =AA69/Z69 -> 1.0872093 | AE69: =AB69/AA69 -> 1.1751337 | AF69: =AB69/R69 -> 1.5 | AG69: =0.6*Z69+0.4*AA69 -> 712 | AH69: 2639 | AI69: =AH69/AG69 -> 3.7064607 | AJ69: =AI69/AI$488 -> 0.78763893
A70: Brushford | C70: North Tawton & Winkleigh | D70: 19 | G70: Chulmleigh | H70: 5 | I70: Mid Devon | J70: 7 | K70: 2 | L70: 10 | M70: 25 | N70: 25 | O70: 53 | P70: 2 | Q70: 91 | R70: 146 | S70: =R70/N70 -> 5.84 | T70: =O70/R70 -> 0.3630137 | U70: =P70/R70 -> 0.01369863 | V70: =Q70/R70 -> 0.62328767 | W70: =P70/O70 -> 0.037735849 | X70: =Q70/(O70+P70) -> 1.6545455 | Y70: =R70/R$488 -> 0.00042412394 | Z70: 140 | AA70: 134 | AB70: 136 | AC70: =Z70/R70 -> 0.95890411 | AD70: =AA70/Z70 -> 0.95714286 | AE70: =AB70/AA70 -> 1.0149254 | AF70: =AB70/R70 -> 0.93150685 | AG70: =0.6*Z70+0.4*AA70 -> 137.6 | AH70: 585 | AI70: =AH70/AG70 -> 4.2514535 | AJ70: =AI70/AI$488 -> 0.90345226
A71: Buckerell | B71: 2 | C71: Hemyock | D71: 17 | G71: Plymtree | H71: 16 | I71: East Devon | J71: 6 | K71: 7 | L71: 5 | M71: 56 | N71: 56 | O71: 143 | P71: 15 | Q71: 122 | R71: 280 | S71: =R71/N71 -> 5 | T71: =O71/R71 -> 0.51071429 | U71: =P71/R71 -> 0.053571429 | V71: =Q71/R71 -> 0.43571429 | W71: =P71/O71 -> 0.1048951 | X71: =Q71/(O71+P71) -> 0.7721519 | Y71: =R71/R$488 -> 0.00081338837 | Z71: 290 | AA71: 315 | AB71: 304 | AC71: =Z71/R71 -> 1.0357143 | AD71: =AA71/Z71 -> 1.0862069 | AE71: =AB71/AA71 -> 0.96507937 | AF71: =AB71/R71 -> 1.0857143 | AG71: =0.6*Z71+0.4*AA71 -> 300 | AH71: 2876 | AI71: =AH71/AG71 -> 9.5866667 | AJ71: =AI71/AI$488 -> 2.0372081
A72: Buckfastleigh | C72: Stanborough | D72: 26 | E72: Historically | G72: Totnes | H72: 24 | I72: Teignbridge | J72: 5 | K72: 4 | L72: 12 | M72: 260 | N72: 307 | O72: 457 | P72: 1060 | Q72: 8 | R72: 1525 | S72: =R72/N72 -> 4.9674267 | T72: =O72/R72 -> 0.29967213 | U72: =P72/R72 -> 0.69508197 | V72: =Q72/R72 -> 0.0052459016 | W72: =P72/O72 -> 2.3194748 | X72: =Q72/(O72+P72) -> 0.0052735662 | Y72: =R72/R$488 -> 0.0044300617 | Z72: 1836 | AA72: 2240 | AB72: 2445 | AC72: =Z72/R72 -> 1.2039344 | AD72: =AA72/Z72 -> 1.2200436 | AE72: =AB72/AA72 -> 1.0915179 | AF72: =AB72/R72 -> 1.6032787 | AG72: =0.6*Z72+0.4*AA72 -> 1997.6 | AH72: 5802 | AI72: =AH72/AG72 -> 2.9044854 | AJ72: =AI72/AI$488 -> 0.61721571
A73: Buckland Brewer | C73: Shebbear | D73: 23 | G73: Hartland | H73: 8 | I73: Torridge | J73: 9 | K73: 2 | L73: 4 | M73: 152 | N73: 164 | O73: 627 | P73: 140 | Q73: 105 | R73: 872 | S73: =R73/N73 -> 5.3170732 | T73: =O73/R73 -> 0.7190367 | U73: =P73/R73 -> 0.16055046 | V73: =Q73/R73 -> 0.12041284 | W73: =P73/O73 -> 0.22328549 | X73: =Q73/(O73+P73) -> 0.136897 | Y73: =R73/R$488 -> 0.0025331238 | Z73: 787 | AA73: 1043 | AB73: 1096 | AC73: =Z73/R73 -> 0.90252294 | AD73: =AA73/Z73 -> 1.3252859 | AE73: =AB73/AA73 -> 1.050815 | AF73: =AB73/R73 -> 1.2568807 | AG73: =0.6*Z73+0.4*AA73 -> 889.4 | AH73: 3944 | AI73: =AH73/AG73 -> 4.4344502 | AJ73: =AI73/AI$488 -> 0.94233985
A74: Buckland Filleigh | C74: Shebbear | D74: 23 | G74: Torrington | H74: 23 | I74: Torridge | J74: 9 | K74: 2 | L74: 5 | M74: 47 | N74: 47 | O74: 128 | P74: 13 | Q74: 111 | R74: 252 | S74: =R74/N74 -> 5.3617021 | T74: =O74/R74 -> 0.50793651 | U74: =P74/R74 -> 0.051587302 | V74: =Q74/R74 -> 0.44047619 | W74: =P74/O74 -> 0.1015625 | X74: =Q74/(O74+P74) -> 0.78723404 | Y74: =R74/R$488 -> 0.00073204954 | Z74: 273 | AA74: 274 | AB74: 317 | AC74: =Z74/R74 -> 1.0833333 | AD74: =AA74/Z74 -> 1.003663 | AE74: =AB74/AA74 -> 1.1569343 | AF74: =AB74/R74 -> 1.2579365 | AG74: =0.6*Z74+0.4*AA74 -> 273.4 | AH74: 1359 | AI74: =AH74/AG74 -> 4.9707388 | AJ74: =AI74/AI$488 -> 1.0563035
A75: Buckland in the Moor | C75: Haytor | D75: 16 | G75: Moreton | H75: 13 | I75: Teignbridge | J75: 5 | K75: 5 | L75: 1 | M75: 19 | N75: 20 | O75: 101 | P75: 0 | Q75: 5 | R75: 106 | S75: =R75/N75 -> 5.3 | T75: =O75/R75 -> 0.95283019 | U75: =P75/R75 -> 0 | V75: =Q75/R75 -> 0.047169811 | W75: =P75/O75 -> 0 | X75: =Q75/(O75+P75) -> 0.04950495 | Y75: =R75/R$488 -> 0.0003079256 | Z75: 107 | AA75: 137 | AB75: 139 | AC75: =Z75/R75 -> 1.009434 | AD75: =AA75/Z75 -> 1.2803738 | AE75: =AB75/AA75 -> 1.0145985 | AF75: =AB75/R75 -> 1.3113208 | AG75: =0.6*Z75+0.4*AA75 -> 119 | AH75: 861 | AI75: =AH75/AG75 -> 7.2352941 | AJ75: =AI75/AI$488 -> 1.5375313
A76: Buckland Monachorum | C76: Roborough | D76: 22 | G76: Tamerton | H76: 19 | I76: West Devon | J76: 8 | K76: 4 | L76: 9 | M76: 144 | N76: 157 | O76: 620 | P76: 233 | Q76: 65 | R76: 918 | S76: =R76/N76 -> 5.8471338 | T76: =O76/R76 -> 0.67538126 | U76: =P76/R76 -> 0.25381264 | V76: =Q76/R76 -> 0.0708061 | W76: =P76/O76 -> 0.37580645 | X76: =Q76/(O76+P76) -> 0.076201641 | Y76: =R76/R$488 -> 0.0026667519 | Z76: 931 | AA76: 1177 | AB76: 1274 | AC76: =Z76/R76 -> 1.0141612 | AD76: =AA76/Z76 -> 1.264232 | AE76: =AB76/AA76 -> 1.0824129 | AF76: =AB76/R76 -> 1.3877996 | AG76: =0.6*Z76+0.4*AA76 -> 1029.4 | AH76: 7138 | AI76: =AH76/AG76 -> 6.9341364 | AJ76: =AI76/AI$488 -> 1.473534
A77: Buckland Tout Saints | C77: Coleridge | D77: 6 | G77: Woodleigh | H77: 25 | I77: South Hams | J77: 4 | K77: 4 | L77: 13 | M77: 2 | N77: 2 | O77: 6 | P77: 0 | Q77: 3 | R77: 9 | S77: =R77/N77 -> 4.5 | T77: =O77/R77 -> 0.66666667 | U77: =P77/R77 -> 0 | V77: =Q77/R77 -> 0.33333333 | W77: =P77/O77 -> 0 | X77: =Q77/(O77+P77) -> 0.5 | Y77: =R77/R$488 -> 2.6144626e-05 | Z77: 25 | AA77: 40 | AB77: 46 | AC77: =Z77/R77 -> 2.7777778 | AD77: =AA77/Z77 -> 1.6 | AE77: =AB77/AA77 -> 1.15 | AF77: =AB77/R77 -> 5.1111111 | AG77: =0.6*Z77+0.4*AA77 -> 31 | AH77: 848 | AI77: =AH77/AG77 -> 27.354839 | AJ77: =AI77/AI$488 -> 5.8130216
A78: Bulkworthy | C78: Shebbear | D78: 23 | G78: Hartland | H78: 8 | I78: Torridge | J78: 9 | K78: 3 | L78: 4 | M78: 17 | N78: 17 | O78: 59 | P78: 10 | Q78: 41 | R78: 110 | S78: =R78/N78 -> 6.4705882 | T78: =O78/R78 -> 0.53636364 | U78: =P78/R78 -> 0.090909091 | V78: =Q78/R78 -> 0.37272727 | W78: =P78/O78 -> 0.16949153 | X78: =Q78/(O78+P78) -> 0.5942029 | Y78: =R78/R$488 -> 0.00031954543 | Z78: 126 | AA78: 159 | AB78: 198 | AC78: =Z78/R78 -> 1.1454545 | AD78: =AA78/Z78 -> 1.2619048 | AE78: =AB78/AA78 -> 1.245283 | AF78: =AB78/R78 -> 1.8 | AG78: =0.6*Z78+0.4*AA78 -> 139.2 | AH78: 521 | AI78: =AH78/AG78 -> 3.7428161 | AJ78: =AI78/AI$488 -> 0.79536461
A79: Burlescombe (part) | C79: Bampton | D79: 2 | G79: Tiverton | H79: 22 | I79: Mid Devon | J79: 7 | K79: 2 | L79: 12 | M79: 70 | N79: 94 | O79: 286 | P79: 131 | Q79: 11 | R79: 428 | S79: =R79/N79 -> 4.5531915 | T79: =O79/R79 -> 0.6682243 | U79: =P79/R79 -> 0.30607477 | V79: =Q79/R79 -> 0.025700935 | W79: =P79/O79 -> 0.45804196 | X79: =Q79/(O79+P79) -> 0.026378897 | Y79: =R79/R$488 -> 0.0012433222 | Z79: 589 | AA79: 537 | AB79: 499 | AC79: =Z79/R79 -> 1.3761682 | AD79: =AA79/Z79 -> 0.91171477 | AE79: =AB79/AA79 -> 0.9292365 | AF79: =AB79/R79 -> 1.1658879 | AG79: =0.6*Z79+0.4*AA79 -> 568.2 | AH79: 2439 | AI79: =AH79/AG79 -> 4.2925026 | AJ79: =AI79/AI$488 -> 0.91217538
A80: Burlescombe (part) | C80: Halberton | D80: 13 | G80: Tiverton | H80: 22 | I80: Mid Devon | J80: 7 | K80: 2 | L80: 12 | M80: 69 | N80: 94 | O80: 285 | P80: 130 | Q80: 10 | R80: 425 | S80: =R80/N80 -> 4.5212766 | T80: =O80/R80 -> 0.67058824 | U80: =P80/R80 -> 0.30588235 | V80: =Q80/R80 -> 0.023529412 | W80: =P80/O80 -> 0.45614035 | X80: =Q80/(O80+P80) -> 0.024096386 | Y80: =R80/R$488 -> 0.0012346074 | Z80: 588 | AA80: 536 | AB80: 500 | AC80: =Z80/R80 -> 1.3835294 | AD80: =AA80/Z80 -> 0.91156463 | AE80: =AB80/AA80 -> 0.93283582 | AF80: =AB80/R80 -> 1.1764706 | AG80: =0.6*Z80+0.4*AA80 -> 567.2 | AH80: 2439 | AI80: =AH80/AG80 -> 4.3000705 | AJ80: =AI80/AI$488 -> 0.91378359
A81: Burrington | C81: North Tawton & Winkleigh | D81: 19 | G81: Chulmleigh | H81: 5 | I81: North Devon | J81: 10 | K81: 2 | L81: 7 | M81: 142 | N81: 142 | O81: 330 | P81: 370 | Q81: 55 | R81: 755 | S81: =R81/N81 -> 5.3169014 | T81: =O81/R81 -> 0.43708609 | U81: =P81/R81 -> 0.49006623 | V81: =Q81/R81 -> 0.072847682 | W81: =P81/O81 -> 1.1212121 | X81: =Q81/(O81+P81) -> 0.078571429 | Y81: =R81/R$488 -> 0.0021932436 | Z81: 825 | AA81: 939 | AB81: 987 | AC81: =Z81/R81 -> 1.0927152 | AD81: =AA81/Z81 -> 1.1381818 | AE81: =AB81/AA81 -> 1.0511182 | AF81: =AB81/R81 -> 1.3072848 | AG81: =0.6*Z81+0.4*AA81 -> 870.6 | AH81: 3300 | AI81: =AH81/AG81 -> 3.7904893 | AJ81: =AI81/AI$488 -> 0.80549538
A82: Butterleigh | C82: Cliston | D82: 5 | G82: Plymtree | H82: 16 | I82: Mid Devon | J82: 7 | K82: 2 | L82: 13 | M82: 26 | N82: 27 | O82: 23 | P82: 13 | Q82: 89 | R82: 125 | S82: =R82/N82 -> 4.6296296 | T82: =O82/R82 -> 0.184 | U82: =P82/R82 -> 0.104 | V82: =Q82/R82 -> 0.712 | W82: =P82/O82 -> 0.56521739 | X82: =Q82/(O82+P82) -> 2.4722222 | Y82: =R82/R$488 -> 0.00036311981 | Z82: 137 | AA82: 144 | AB82: 142 | AC82: =Z82/R82 -> 1.096 | AD82: =AA82/Z82 -> 1.0510949 | AE82: =AB82/AA82 -> 0.98611111 | AF82: =AB82/R82 -> 1.136 | AG82: =0.6*Z82+0.4*AA82 -> 139.8 | AH82: 856 | AI82: =AH82/AG82 -> 6.1230329 | AJ82: =AI82/AI$488 -> 1.301171
A83: Cadbury | C83: Hayridge | D83: 15 | G83: Cadbury | H83: 3 | I83: Mid Devon | J83: 7 | K83: 2 | L83: 22 | M83: 31 | N83: 41 | O83: 213 | P83: 17 | Q83: 8 | R83: 238 | S83: =R83/N83 -> 5.804878 | T83: =O83/R83 -> 0.89495798 | U83: =P83/R83 -> 0.071428571 | V83: =Q83/R83 -> 0.033613445 | W83: =P83/O83 -> 0.079812207 | X83: =Q83/(O83+P83) -> 0.034782609 | Y83: =R83/R$488 -> 0.00069138012 | Z83: 223 | AA83: 242 | AB83: 256 | AC83: =Z83/R83 -> 0.93697479 | AD83: =AA83/Z83 -> 1.0852018 | AE83: =AB83/AA83 -> 1.0578512 | AF83: =AB83/R83 -> 1.0756303 | AG83: =0.6*Z83+0.4*AA83 -> 230.6 | AH83: 2003 | AI83: =AH83/AG83 -> 8.6860364 | AJ83: =AI83/AI$488 -> 1.8458203
A84: Cadeleigh | C84: Hayridge | D84: 15 | G84: Cadbury | H84: 3 | I84: Mid Devon | J84: 7 | K84: 2 | L84: 23 | M84: 38 | N84: 38 | O84: 95 | P84: 7 | Q84: 124 | R84: 226 | S84: =R84/N84 -> 5.9473684 | T84: =O84/R84 -> 0.42035398 | U84: =P84/R84 -> 0.030973451 | V84: =Q84/R84 -> 0.54867257 | W84: =P84/O84 -> 0.073684211 | X84: =Q84/(O84+P84) -> 1.2156863 | Y84: =R84/R$488 -> 0.00065652062 | Z84: 228 | AA84: 236 | AB84: 312 | AC84: =Z84/R84 -> 1.0088496 | AD84: =AA84/Z84 -> 1.0350877 | AE84: =AB84/AA84 -> 1.3220339 | AF84: =AB84/R84 -> 1.380531 | AG84: =0.6*Z84+0.4*AA84 -> 231.2 | AH84: 2491 | AI84: =AH84/AG84 -> 10.774221 | AJ84: =AI84/AI$488 -> 2.2895687
A85: Calverleigh | C85: Tiverton | D85: 29 | G85: Tiverton | H85: 22 | I85: Mid Devon | J85: 7 | K85: 2 | L85: 24 | M85: 16 | N85: 16 | O85: 15 | P85: 6 | Q85: 49 | R85: 70 | S85: =R85/N85 -> 4.375 | T85: =O85/R85 -> 0.21428571 | U85: =P85/R85 -> 0.085714286 | V85: =Q85/R85 -> 0.7 | W85: =P85/O85 -> 0.4 | X85: =Q85/(O85+P85) -> 2.3333333 | Y85: =R85/R$488 -> 0.00020334709 | Z85: 71 | AA85: 93 | AB85: 91 | AC85: =Z85/R85 -> 1.0142857 | AD85: =AA85/Z85 -> 1.3098592 | AE85: =AB85/AA85 -> 0.97849462 | AF85: =AB85/R85 -> 1.3 | AG85: =0.6*Z85+0.4*AA85 -> 79.8 | AH85: 810 | AI85: =AH85/AG85 -> 10.150376 | AJ85: =AI85/AI$488 -> 2.1569988
A86: Chagford | C86: Wonford | D86: 32 | E86: Yes | G86: Dunsford | H86: 7 | I86: West Devon | J86: 8 | K86: 5 | L86: 3 | M86: 236 | N86: 251 | O86: 543 | P86: 120 | Q86: 452 | R86: 1115 | S86: =R86/N86 -> 4.4422311 | T86: =O86/R86 -> 0.48699552 | U86: =P86/R86 -> 0.10762332 | V86: =Q86/R86 -> 0.40538117 | W86: =P86/O86 -> 0.22099448 | X86: =Q86/(O86+P86) -> 0.68174962 | Y86: =R86/R$488 -> 0.0032390287 | Z86: 1197 | AA86: 1503 | AB86: 1868 | AC86: =Z86/R86 -> 1.0735426 | AD86: =AA86/Z86 -> 1.2556391 | AE86: =AB86/AA86 -> 1.2428476 | AF86: =AB86/R86 -> 1.6753363 | AG86: =0.6*Z86+0.4*AA86 -> 1319.4 | AH86: 5420 | AI86: =AH86/AG86 -> 4.1079278 | AJ86: =AI86/AI$488 -> 0.87295244
A87: Challacombe | C87: Shirwell | D87: 24 | G87: Shirwell | H87: 17 | I87: North Devon | J87: 10 | K87: 1 | L87: 18 | M87: 31 | N87: 32 | O87: 70 | P87: 1 | Q87: 87 | R87: 158 | S87: =R87/N87 -> 4.9375 | T87: =O87/R87 -> 0.44303797 | U87: =P87/R87 -> 0.0063291139 | V87: =Q87/R87 -> 0.55063291 | W87: =P87/O87 -> 0.014285714 | X87: =Q87/(O87+P87) -> 1.2253521 | Y87: =R87/R$488 -> 0.00045898344 | Z87: 181 | AA87: 240 | AB87: 240 | AC87: =Z87/R87 -> 1.1455696 | AD87: =AA87/Z87 -> 1.3259669 | AE87: =AB87/AA87 -> 1 | AF87: =AB87/R87 -> 1.5189873 | AG87: =0.6*Z87+0.4*AA87 -> 204.6 | AH87: 1471 | AI87: =AH87/AG87 -> 7.1896383 | AJ87: =AI87/AI$488 -> 1.5278292
A88: Chardstock (from Dorset, 1896; incl All Saints) | C88: Not Devon | D88: 99 | G88: Honiton (later) | H88: 99 | I88: East Devon | J88: 6 | K88: Adj 7 | L88: Not listed | R88: 1095 | Z88: 1151 | AA88: 1256 | AB88: 1357 | AC88: =Z88/R88 -> 1.0511416 | AD88: =AA88/Z88 -> 1.091225 | AE88: =AB88/AA88 -> 1.080414 | AF88: =AB88/R88 -> 1.2392694 | AG88: =0.6*Z88+0.4*AA88 -> 1193 | AH88: 6287 | AI88: =AH88/AG88 -> 5.2699078 | AJ88: =AI88/AI$488 -> 1.1198782
A89: Charles | C89: Shirwell | D89: 24 | G89: Shirwell | H89: 17 | I89: North Devon | J89: 10 | K89: 1 | L89: 17 | M89: 42 | N89: 43 | O89: 98 | P89: 22 | Q89: 97 | R89: 217 | S89: =R89/N89 -> 5.0465116 | T89: =O89/R89 -> 0.4516129 | U89: =P89/R89 -> 0.10138249 | V89: =Q89/R89 -> 0.44700461 | W89: =P89/O89 -> 0.2244898 | X89: =Q89/(O89+P89) -> 0.80833333 | Y89: =R89/R$488 -> 0.00063037599 | Z89: 276 | AA89: 322 | AB89: 343 | AC89: =Z89/R89 -> 1.2718894 | AD89: =AA89/Z89 -> 1.1666667 | AE89: =AB89/AA89 -> 1.0652174 | AF89: =AB89/R89 -> 1.5806452 | AG89: =0.6*Z89+0.4*AA89 -> 294.4 | AH89: 1369 | AI89: =AH89/AG89 -> 4.6501359 | AJ89: =AI89/AI$488 -> 0.98817399
A90: Charleton | C90: Coleridge | D90: 6 | G90: Woodleigh | H90: 25 | I90: South Hams | J90: 4 | K90: 4 | L90: 24 | M90: 103 | N90: 110 | O90: 168 | P90: 38 | Q90: 316 | R90: 522 | S90: =R90/N90 -> 4.7454545 | T90: =O90/R90 -> 0.32183908 | U90: =P90/R90 -> 0.072796935 | V90: =Q90/R90 -> 0.60536398 | W90: =P90/O90 -> 0.22619048 | X90: =Q90/(O90+P90) -> 1.5339806 | Y90: =R90/R$488 -> 0.0015163883 | Z90: 528 | AA90: 618 | AB90: 644 | AC90: =Z90/R90 -> 1.0114943 | AD90: =AA90/Z90 -> 1.1704545 | AE90: =AB90/AA90 -> 1.0420712 | AF90: =AB90/R90 -> 1.2337165 | AG90: =0.6*Z90+0.4*AA90 -> 564 | AH90: 3857 | AI90: =AH90/AG90 -> 6.8386525 | AJ90: =AI90/AI$488 -> 1.4532432
A91: Chawleigh | C91: North Tawton & Winkleigh | D91: 19 | G91: Chulmleigh | H91: 5 | I91: Mid Devon | J91: 7 | K91: 2 | L91: 18 | M91: 144 | N91: 156 | O91: 616 | P91: 24 | Q91: 115 | R91: 755 | S91: =R91/N91 -> 4.8397436 | T91: =O91/R91 -> 0.81589404 | U91: =P91/R91 -> 0.031788079 | V91: =Q91/R91 -> 0.15231788 | W91: =P91/O91 -> 0.038961039 | X91: =Q91/(O91+P91) -> 0.1796875 | Y91: =R91/R$488 -> 0.0021932436 | Z91: 705 | AA91: 792 | AB91: 865 | AC91: =Z91/R91 -> 0.93377483 | AD91: =AA91/Z91 -> 1.1234043 | AE91: =AB91/AA91 -> 1.0921717 | AF91: =AB91/R91 -> 1.1456954 | AG91: =0.6*Z91+0.4*AA91 -> 739.8 | AH91: 3854 | AI91: =AH91/AG91 -> 5.2095161 | AJ91: =AI91/AI$488 -> 1.1070447
A92: Cheldon | C92: Witheridge | D92: 31 | G92: South Molton | H92: 18 | I92: North Devon | J92: 10 | K92: 3 | L92: 14 | M92: 19 | N92: 19 | O92: 45 | P92: 2 | Q92: 44 | R92: 91 | S92: =R92/N92 -> 4.7894737 | T92: =O92/R92 -> 0.49450549 | U92: =P92/R92 -> 0.021978022 | V92: =Q92/R92 -> 0.48351648 | W92: =P92/O92 -> 0.044444444 | X92: =Q92/(O92+P92) -> 0.93617021 | Y92: =R92/R$488 -> 0.00026435122 | Z92: 78 | AA92: 96 | AB92: 90 | AC92: =Z92/R92 -> 0.85714286 | AD92: =AA92/Z92 -> 1.2307692 | AE92: =AB92/AA92 -> 0.9375 | AF92: =AB92/R92 -> 0.98901099 | AG92: =0.6*Z92+0.4*AA92 -> 85.2 | AH92: 601 | AI92: =AH92/AG92 -> 7.0539906 | AJ92: =AI92/AI$488 -> 1.4990035
A93: Cheriton Bishop | C93: Wonford | D93: 32 | G93: Dunsford | H93: 7 | I93: Mid Devon | J93: 7 | K93: 2 | L93: 28 | M93: 100 | N93: 128 | O93: 184 | P93: 35 | Q93: 385 | R93: 604 | S93: =R93/N93 -> 4.71875 | T93: =O93/R93 -> 0.30463576 | U93: =P93/R93 -> 0.05794702 | V93: =Q93/R93 -> 0.63741722 | W93: =P93/O93 -> 0.19021739 | X93: =Q93/(O93+P93) -> 1.7579909 | Y93: =R93/R$488 -> 0.0017545949 | Z93: 680 | AA93: 753 | AB93: 799 | AC93: =Z93/R93 -> 1.1258278 | AD93: =AA93/Z93 -> 1.1073529 | AE93: =AB93/AA93 -> 1.061089 | AF93: =AB93/R93 -> 1.3228477 | AG93: =0.6*Z93+0.4*AA93 -> 709.2 | AH93: 3110 | AI93: =AH93/AG93 -> 4.3852228 | AJ93: =AI93/AI$488 -> 0.93187881
A94: Cheriton Fitzpaine | C94: West Budleigh | D94: 30 | G94: Cadbury | H94: 3 | I94: Mid Devon | J94: 7 | K94: 2 | L94: 21 | M94: 173 | N94: 173 | O94: 561 | P94: 223 | Q94: 100 | R94: 884 | S94: =R94/N94 -> 5.1098266 | T94: =O94/R94 -> 0.63461538 | U94: =P94/R94 -> 0.25226244 | V94: =Q94/R94 -> 0.11312217 | W94: =P94/O94 -> 0.39750446 | X94: =Q94/(O94+P94) -> 0.12755102 | Y94: =R94/R$488 -> 0.0025679833 | Z94: 854 | AA94: 1002 | AB94: 1085 | AC94: =Z94/R94 -> 0.96606335 | AD94: =AA94/Z94 -> 1.1733021 | AE94: =AB94/AA94 -> 1.0828343 | AF94: =AB94/R94 -> 1.2273756 | AG94: =0.6*Z94+0.4*AA94 -> 913.2 | AH94: 5135 | AI94: =AH94/AG94 -> 5.6230837 | AJ94: =AI94/AI$488 -> 1.1949296
A95: Chittlehampton (incl Chittlehamholt) | C95: South Molton | D95: 25 | F95: Medium village | G95: Barnstaple | H95: 2 | I95: North Devon | J95: 10 | K95: 1 | L95: 16 | M95: 281 | N95: 281 | O95: 274 | P95: 79 | Q95: 650 | R95: 1003 | S95: =R95/N95 -> 3.569395 | T95: =O95/R95 -> 0.27318046 | U95: =P95/R95 -> 0.078763709 | V95: =Q95/R95 -> 0.64805583 | W95: =P95/O95 -> 0.28832117 | X95: =Q95/(O95+P95) -> 1.8413598 | Y95: =R95/R$488 -> 0.0029136733 | Z95: 1572 | AA95: 1748 | AB95: 1897 | AC95: =Z95/R95 -> 1.5672981 | AD95: =AA95/Z95 -> 1.1119593 | AE95: =AB95/AA95 -> 1.0852403 | AF95: =AB95/R95 -> 1.891326 | AG95: =0.6*Z95+0.4*AA95 -> 1642.4 | AH95: 6208 | AI95: =AH95/AG95 -> 3.7798344 | AJ95: =AI95/AI$488 -> 0.80323116
A96: Chivelstone | C96: Coleridge | D96: 6 | G96: Woodleigh | H96: 25 | I96: South Hams | J96: 4 | K96: 4 | L96: 23 | M96: 99 | N96: 99 | O96: 140 | P96: 36 | Q96: 386 | R96: 562 | S96: =R96/N96 -> 5.6767677 | T96: =O96/R96 -> 0.24911032 | U96: =P96/R96 -> 0.06405694 | V96: =Q96/R96 -> 0.68683274 | W96: =P96/O96 -> 0.25714286 | X96: =Q96/(O96+P96) -> 2.1931818 | Y96: =R96/R$488 -> 0.0016325867 | Z96: 568 | AA96: 637 | AB96: 601 | AC96: =Z96/R96 -> 1.0106762 | AD96: =AA96/Z96 -> 1.1214789 | AE96: =AB96/AA96 -> 0.94348509 | AF96: =AB96/R96 -> 1.069395 | AG96: =0.6*Z96+0.4*AA96 -> 595.6 | AH96: 2586 | AI96: =AH96/AG96 -> 4.3418402 | AJ96: =AI96/AI$488 -> 0.92265982
A97: Christow | C97: Wonford | D97: 32 | G97: Dunsford | H97: 7 | I97: Teignbridge | J97: 5 | K97: 2 | L97: 27 | M97: 72 | N97: 99 | O97: 138 | P97: 22 | Q97: 262 | R97: 422 | S97: =R97/N97 -> 4.2626263 | T97: =O97/R97 -> 0.32701422 | U97: =P97/R97 -> 0.052132701 | V97: =Q97/R97 -> 0.62085308 | W97: =P97/O97 -> 0.15942029 | X97: =Q97/(O97+P97) -> 1.6375 | Y97: =R97/R$488 -> 0.0012258925 | Z97: 460 | AA97: 531 | AB97: 601 | AC97: =Z97/R97 -> 1.0900474 | AD97: =AA97/Z97 -> 1.1543478 | AE97: =AB97/AA97 -> 1.1318267 | AF97: =AB97/R97 -> 1.4241706 | AG97: =0.6*Z97+0.4*AA97 -> 488.4 | AH97: 2915 | AI97: =AH97/AG97 -> 5.9684685 | AJ97: =AI97/AI$488 -> 1.2683254
A98: Chudleigh | C98: Exminster | D98: 11 | E98: Yes | G98: Kenn | H98: 12 | I98: Teignbridge | J98: 5 | K98: 2 | L98: 26 | M98: 360 | N98: 412 | O98: 308 | P98: 570 | Q98: 908 | R98: 1786 | S98: =R98/N98 -> 4.3349515 | T98: =O98/R98 -> 0.17245241 | U98: =P98/R98 -> 0.31914894 | V98: =Q98/R98 -> 0.50839866 | W98: =P98/O98 -> 1.8506494 | X98: =Q98/(O98+P98) -> 1.0341686 | Y98: =R98/R$488 -> 0.0051882558 | Z98: 1832 | AA98: 2053 | AB98: 2278 | AC98: =Z98/R98 -> 1.0257559 | AD98: =AA98/Z98 -> 1.1206332 | AE98: =AB98/AA98 -> 1.1095957 | AF98: =AB98/R98 -> 1.2754759 | AG98: =0.6*Z98+0.4*AA98 -> 1920.4 | AH98: 8988 | AI98: =AH98/AG98 -> 4.6802749 | AJ98: =AI98/AI$488 -> 0.99457867
A99: Chulmleigh | C99: Witheridge | D99: 31 | E99: Yes | G99: Chulmleigh | H99: 5 | I99: North Devon | J99: 10 | K99: 2 | L99: 17 | M99: 270 | N99: 276 | O99: 350 | P99: 169 | Q99: 814 | R99: 1333 | S99: =R99/N99 -> 4.8297101 | T99: =O99/R99 -> 0.26256564 | U99: =P99/R99 -> 0.1267817 | V99: =Q99/R99 -> 0.61065266 | W99: =P99/O99 -> 0.48285714 | X99: =Q99/(O99+P99) -> 1.5684008 | Y99: =R99/R$488 -> 0.0038723096 | Z99: 1340 | AA99: 1506 | AB99: 1573 | AC99: =Z99/R99 -> 1.0052513 | AD99: =AA99/Z99 -> 1.1238806 | AE99: =AB99/AA99 -> 1.0444887 | AF99: =AB99/R99 -> 1.180045 | AG99: =0.6*Z99+0.4*AA99 -> 1406.4 | AH99: 6247 | AI99: =AH99/AG99 -> 4.4418373 | AJ99: =AI99/AI$488 -> 0.94390965
A100: Churchstanton (to Somerset, 1896) | B100: 5 | C100: Hemyock | D100: 17 | G100: Dunkeswell | H100: 6 | I100: No longer Devon | J100: 99 | K100: 7 | L100: 10 | M100: 112 | N100: 196 | O100: 290 | P100: 251 | Q100: 189 | R100: 730 | S100: =R100/N100 -> 3.7244898 | T100: =O100/R100 -> 0.39726027 | U100: =P100/R100 -> 0.34383562 | V100: =Q100/R100 -> 0.25890411 | W100: =P100/O100 -> 0.86551724 | X100: =Q100/(O100+P100) -> 0.34935305 | Y100: =R100/R$488 -> 0.0021206197 | Z100: 741 | AA100: 862 | AB100: 977 | AC100: =Z100/R100 -> 1.0150685 | AD100: =AA100/Z100 -> 1.1632928 | AE100: =AB100/AA100 -> 1.1334107 | AF100: =AB100/R100 -> 1.3383562 | AG100: =0.6*Z100+0.4*AA100 -> 789.4 | AH100: 3677 | AI100: =AH100/AG100 -> 4.6579681 | AJ100: =AI100/AI$488 -> 0.98983837
A101: Churchstow | C101: Stanborough | D101: 26 | G101: Woodleigh | H101: 25 | I101: South Hams | J101: 4 | K101: 4 | L101: 22 | M101: 50 | N101: 50 | O101: 112 | P101: 8 | Q101: 99 | R101: 219 | S101: =R101/N101 -> 4.38 | T101: =O101/R101 -> 0.51141553 | U101: =P101/R101 -> 0.03652968 | V101: =Q101/R101 -> 0.45205479 | W101: =P101/O101 -> 0.071428571 | X101: =Q101/(O101+P101) -> 0.825 | Y101: =R101/R$488 -> 0.00063618591 | Z101: 289 | AA101: 316 | AB101: 326 | AC101: =Z101/R101 -> 1.3196347 | AD101: =AA101/Z101 -> 1.0934256 | AE101: =AB101/AA101 -> 1.0316456 | AF101: =AB101/R101 -> 1.4885845 | AG101: =0.6*Z101+0.4*AA101 -> 299.8 | AH101: 3331 | AI101: =AH101/AG101 -> 11.11074 | AJ101: =AI101/AI$488 -> 2.3610804
...

Sheet  Parish Types
A1: Parishes, by type | B1: Houses | C1: Families | D1: Agric | E1: Mftg | F1: Other | G1: Popn01 | H1: Pop/Fam | I1: Ag/Pop | J1: Ind/Pop | K1: Other/Pop | L1: Ind/Ag | M1: Other/A+I | N1: % of Devon | O1: Popn11 | P1: Popn21 | Q1: Popn31 | R1: Popn11/01 | S1: Popn21/11 | T1: Popn31/21 | U1: Popn31/01 | V1: Popn15 (est) | W1: Prop val 15 | X1: £/cap | Y1: £/cap %Dev
A2: Devon - whole county (1801 parishes) | B2: ='Full 1801-31 data set'!M486 -> 57962 | C2: ='Full 1801-31 data set'!N486 -> 72689 | D2: ='Full 1801-31 data set'!O486 -> 96417 | E2: ='Full 1801-31 data set'!P486 -> 62111 | F2: ='Full 1801-31 data set'!Q486 -> 182519 | G2: ='Full 1801-31 data set'!R486 -> 341047 | H2: =G2/C2 -> 4.6918653 | I2: =D2/G2 -> 0.28270883 | J2: =E2/G2 -> 0.18211859 | K2: =F2/G2 -> 0.53517257 | L2: =E2/D2 -> 0.64419138 | M2: =F2/(D2+E2) -> 1.151336 | N2: =G2/G$2 -> 1 | O2: ='Full 1801-31 data set'!Z486 -> 378778 | P2: ='Full 1801-31 data set'!AA486 -> 439057 | Q2: ='Full 1801-31 data set'!AB486 -> 494211 | R2: =O2/G2 -> 1.1106328 | S2: =P2/O2 -> 1.1591407 | T2: =Q2/P2 -> 1.1256192 | U2: =Q2/G2 -> 1.4490994 | V2: =0.6*O2+0.4*P2 -> 402889.6 | W2: ='Full 1801-31 data set'!AH486 -> 1894694 | X2: =W2/V2 -> 4.7027622 | Y2: =X2/X$2 -> 1
A3: Exeter and immediate surrounds | B3: =SUMIF('Full 1801-31 data set'!$F$4:$F$484,"Exeter",'Full 1801-31 data set'!M$4:M$484) -> 3305 | C3: =SUMIF('Full 1801-31 data set'!$F$4:$F$484,"Exeter",'Full 1801-31 data set'!N$4:N$484) -> 4658 | D3: =SUMIF('Full 1801-31 data set'!$F$4:$F$484,"Exeter",'Full 1801-31 data set'!O$4:O$484) -> 801 | E3: =SUMIF('Full 1801-31 data set'!$F$4:$F$484,"Exeter",'Full 1801-31 data set'!P$4:P$484) -> 6738 | F3: =SUMIF('Full 1801-31 data set'!$F$4:$F$484,"Exeter",'Full 1801-31 data set'!Q$4:Q$484) -> 13014 | G3: =SUMIF('Full 1801-31 data set'!$F$4:$F$484,"Exeter",'Full 1801-31 data set'!R$4:R$484) -> 20553 | H3: =G3/C3 -> 4.4124088 | I3: =D3/G3 -> 0.038972413 | J3: =E3/G3 -> 0.32783535 | K3: =F3/G3 -> 0.63319223 | L3: =E3/D3 -> 8.411985 | M3: =F3/(D3+E3) -> 1.7262236 | N3: =G3/G$2 -> 0.060264421 | O3: =SUMIF('Full 1801-31 data set'!$F$4:$F$484,"Exeter",'Full 1801-31 data set'!Z$4:Z$484) -> 22558 | P3: =SUMIF('Full 1801-31 data set'!$F$4:$F$484,"Exeter",'Full 1801-31 data set'!AA$4:AA$484) -> 28183 | Q3: =SUMIF('Full 1801-31 data set'!$F$4:$F$484,"Exeter",'Full 1801-31 data set'!AB$4:AB$484) -> 34803 | R3: =O3/G3 -> 1.0975527 | S3: =P3/O3 -> 1.2493572 | T3: =Q3/P3 -> 1.2348934 | U3: =Q3/G3 -> 1.6933294 | V3: =0.6*O3+0.4*P3 -> 24808 | W3: =SUMIF('Full 1801-31 data set'!$F$4:$F$484,"Exeter",'Full 1801-31 data set'!AH$4:AH$484) -> 78908 | X3: =W3/V3 -> 3.1807481 | Y3: =X3/X$2 -> 0.67635742
A4: Plymouth and Stoke Damerel | B4: =SUMIF('Full 1801-31 data set'!$F$4:$F$484,"Plymouth/SD",'Full 1801-31 data set'!M$4:M$484) -> 4462 | C4: =SUMIF('Full 1801-31 data set'!$F$4:$F$484,"Plymouth/SD",'Full 1801-31 data set'!N$4:N$484) -> 10724 | D4: =SUMIF('Full 1801-31 data set'!$F$4:$F$484,"Plymouth/SD",'Full 1801-31 data set'!O$4:O$484) -> 908 | E4: =SUMIF('Full 1801-31 data set'!$F$4:$F$484,"Plymouth/SD",'Full 1801-31 data set'!P$4:P$484) -> 7316 | F4: =SUMIF('Full 1801-31 data set'!$F$4:$F$484,"Plymouth/SD",'Full 1801-31 data set'!Q$4:Q$484) -> 35062 | G4: =SUMIF('Full 1801-31 data set'!$F$4:$F$484,"Plymouth/SD",'Full 1801-31 data set'!R$4:R$484) -> 43286 | H4: =G4/C4 -> 4.036367 | I4: =D4/G4 -> 0.020976759 | J4: =E4/G4 -> 0.16901539 | K4: =F4/G4 -> 0.81000785 | L4: =E4/D4 -> 8.0572687 | M4: =F4/(D4+E4) -> 4.2633755 | N4: =G4/G$2 -> 0.12692092 | O4: =SUMIF('Full 1801-31 data set'!$F$4:$F$484,"Plymouth/SD",'Full 1801-31 data set'!Z$4:Z$484) -> 56174 | P4: =SUMIF('Full 1801-31 data set'!$F$4:$F$484,"Plymouth/SD",'Full 1801-31 data set'!AA$4:AA$484) -> 61387 | Q4: =SUMIF('Full 1801-31 data set'!$F$4:$F$484,"Plymouth/SD",'Full 1801-31 data set'!AB$4:AB$484) -> 75763 | R4: =O4/G4 -> 1.2977406 | S4: =P4/O4 -> 1.0928009 | T4: =Q4/P4 -> 1.2341864 | U4: =Q4/G4 -> 1.7502888 | V4: =0.6*O4+0.4*P4 -> 58259.2 | W4: =SUMIF('Full 1801-31 data set'!$F$4:$F$484,"Plymouth/SD",'Full 1801-31 data set'!AH$4:AH$484) -> 196052 | X4: =W4/V4 -> 3.3651681 | Y4: =X4/X$2 -> 0.71557266
A5: Devon outside the two main cities | B5: =B2-B3-B4 -> 50195 | C5: =C2-C3-C4 -> 57307 | D5: =D2-D3-D4 -> 94708 | E5: =E2-E3-E4 -> 48057 | F5: =F2-F3-F4 -> 134443 | G5: =G2-G3-G4 -> 277208 | H5: =G5/C5 -> 4.837245 | I5: =D5/G5 -> 0.34164959 | J5: =E5/G5 -> 0.1733608 | K5: =F5/G5 -> 0.48498961 | L5: =E5/D5 -> 0.50742282 | M5: =F5/(D5+E5) -> 0.9417084 | N5: =G5/G$2 -> 0.81281466 | O5: =O2-O3-O4 -> 300046 | P5: =P2-P3-P4 -> 349487 | Q5: =Q2-Q3-Q4 -> 383645 | R5: =O5/G5 -> 1.0823858 | S5: =P5/O5 -> 1.1647781 | T5: =Q5/P5 -> 1.0977375 | U5: =Q5/G5 -> 1.3839608 | V5: =0.6*O5+0.4*P5 -> 319822.4 | W5: =W2-W3-W4 -> 1619734 | X5: =W5/V5 -> 5.0644795 | Y5: =X5/X$2 -> 1.0769159
A6: All market towns | B6: =B7+B8 -> 18663 | C6: =C7+C8 -> 22508 | D6: =D7+D8 -> 21509 | E6: =E7+E8 -> 25665 | F6: =F7+F8 -> 55531 | G6: =G7+G8 -> 102705 | H6: =G6/C6 -> 4.5630443 | I6: =D6/G6 -> 0.20942505 | J6: =E6/G6 -> 0.24989046 | K6: =F6/G6 -> 0.54068448 | L6: =E6/D6 -> 1.1932214 | M6: =F6/(D6+E6) -> 1.1771527 | N6: =G6/G$2 -> 0.30114618 | O6: =O7+O8 -> 111381 | P6: =P7+P8 -> 132062 | Q6: =Q7+Q8 -> 145580 | R6: =O6/G6 -> 1.084475 | S6: =P6/O6 -> 1.185678 | T6: =Q6/P6 -> 1.102361 | U6: =Q6/G6 -> 1.4174578 | V6: =0.6*O6+0.4*P6 -> 119653.4 | W6: =W7+W8 -> 467082 | X6: =W6/V6 -> 3.903625 | Y6: =X6/X$2 -> 0.83007066
A7: Market towns with continuing markets | B7: =B25+B26 -> 14900 | C7: =C25+C26 -> 18305 | D7: =D25+D26 -> 14001 | E7: =E25+E26 -> 21641 | F7: =F25+F26 -> 46332 | G7: =G25+G26 -> 81974 | H7: =G7/C7 -> 4.47823 | I7: =D7/G7 -> 0.17079806 | J7: =E7/G7 -> 0.26399834 | K7: =F7/G7 -> 0.5652036 | L7: =E7/D7 -> 1.5456753 | M7: =F7/(D7+E7) -> 1.2999271 | N7: =G7/G$2 -> 0.24035983 | O7: =O25+O26 -> 88562 | P7: =P25+P26 -> 105108 | Q7: =Q25+Q26 -> 116787 | R7: =O7/G7 -> 1.0803669 | S7: =P7/O7 -> 1.1868296 | T7: =Q7/P7 -> 1.1111143 | U7: =Q7/G7 -> 1.4246834 | V7: =0.6*O7+0.4*P7 -> 95180.4 | W7: =W25+W26 -> 347641 | X7: =W7/V7 -> 3.6524432 | Y7: =X7/X$2 -> 0.77665911
A8: Former market towns | B8: =SUMIF('Full 1801-31 data set'!$E$4:$E$484,"Historically",'Full 1801-31 data set'!M$4:M$484) -> 3763 | C8: =SUMIF('Full 1801-31 data set'!$E$4:$E$484,"Historically",'Full 1801-31 data set'!N$4:N$484) -> 4203 | D8: =SUMIF('Full 1801-31 data set'!$E$4:$E$484,"Historically",'Full 1801-31 data set'!O$4:O$484) -> 7508 | E8: =SUMIF('Full 1801-31 data set'!$E$4:$E$484,"Historically",'Full 1801-31 data set'!P$4:P$484) -> 4024 | F8: =SUMIF('Full 1801-31 data set'!$E$4:$E$484,"Historically",'Full 1801-31 data set'!Q$4:Q$484) -> 9199 | G8: =SUMIF('Full 1801-31 data set'!$E$4:$E$484,"Historically",'Full 1801-31 data set'!R$4:R$484) -> 20731 | H8: =G8/C8 -> 4.9324292 | I8: =D8/G8 -> 0.36216294 | J8: =E8/G8 -> 0.19410545 | K8: =F8/G8 -> 0.44373161 | L8: =E8/D8 -> 0.53596164 | M8: =F8/(D8+E8) -> 0.79769337 | N8: =G8/G$2 -> 0.060786343 | O8: =SUMIF('Full 1801-31 data set'!$E$4:$E$484,"Historically",'Full 1801-31 data set'!Z$4:Z$484) -> 22819 | P8: =SUMIF('Full 1801-31 data set'!$E$4:$E$484,"Historically",'Full 1801-31 data set'!AA$4:AA$484) -> 26954 | Q8: =SUMIF('Full 1801-31 data set'!$E$4:$E$484,"Historically",'Full 1801-31 data set'!AB$4:AB$484) -> 28793 | R8: =O8/G8 -> 1.1007187 | S8: =P8/O8 -> 1.1812086 | T8: =Q8/P8 -> 1.0682274 | U8: =Q8/G8 -> 1.3888862 | V8: =0.6*O8+0.4*P8 -> 24473 | W8: =SUMIF('Full 1801-31 data set'!$E$4:$E$484,"Historically",'Full 1801-31 data set'!AH$4:AH$484) -> 119441 | X8: =W8/V8 -> 4.8805214 | Y8: =X8/X$2 -> 1.0377989
A9: Other small towns / large villages (over 1,500 inhabitants) | B9: =SUMIF('Full 1801-31 data set'!$F$4:$F$484,"Large village",'Full 1801-31 data set'!M$4:M$484) -> 2150 | C9: =SUMIF('Full 1801-31 data set'!$F$4:$F$484,"Large village",'Full 1801-31 data set'!N$4:N$484) -> 2450 | D9: =SUMIF('Full 1801-31 data set'!$F$4:$F$484,"Large village",'Full 1801-31 data set'!O$4:O$484) -> 3589 | E9: =SUMIF('Full 1801-31 data set'!$F$4:$F$484,"Large village",'Full 1801-31 data set'!P$4:P$484) -> 2577 | F9: =SUMIF('Full 1801-31 data set'!$F$4:$F$484,"Large village",'Full 1801-31 data set'!Q$4:Q$484) -> 5241 | G9: =SUMIF('Full 1801-31 data set'!$F$4:$F$484,"Large village",'Full 1801-31 data set'!R$4:R$484) -> 11407 | H9: =G9/C9 -> 4.6559184 | I9: =D9/G9 -> 0.31463137 | J9: =E9/G9 -> 0.22591391 | K9: =F9/G9 -> 0.45945472 | L9: =E9/D9 -> 0.71802731 | M9: =F9/(D9+E9) -> 0.84998378 | N9: =G9/G$2 -> 0.033447003 | O9: =SUMIF('Full 1801-31 data set'!$F$4:$F$484,"Large village",'Full 1801-31 data set'!Z$4:Z$484) -> 12355 | P9: =SUMIF('Full 1801-31 data set'!$F$4:$F$484,"Large village",'Full 1801-31 data set'!AA$4:AA$484) -> 13421 | Q9: =SUMIF('Full 1801-31 data set'!$F$4:$F$484,"Large village",'Full 1801-31 data set'!AB$4:AB$484) -> 14266 | R9: =O9/G9 -> 1.0831069 | S9: =P9/O9 -> 1.0862809 | T9: =Q9/P9 -> 1.062961 | U9: =Q9/G9 -> 1.2506356 | V9: =0.6*O9+0.4*P9 -> 12781.4 | W9: =SUMIF('Full 1801-31 data set'!$F$4:$F$484,"Large village",'Full 1801-31 data set'!AH$4:AH$484) -> 55199 | X9: =W9/V9 -> 4.3186975 | Y9: =X9/X$2 -> 0.91833209
A10: Other medium villages (1,000 to 1,499 inhabitants) | B10: =SUMIF('Full 1801-31 data set'!$F$4:$F$484,"Medium village",'Full 1801-31 data set'!M$4:M$484) -> 4055 | C10: =SUMIF('Full 1801-31 data set'!$F$4:$F$484,"Medium village",'Full 1801-31 data set'!N$4:N$484) -> 4514 | D10: =SUMIF('Full 1801-31 data set'!$F$4:$F$484,"Medium village",'Full 1801-31 data set'!O$4:O$484) -> 6741 | E10: =SUMIF('Full 1801-31 data set'!$F$4:$F$484,"Medium village",'Full 1801-31 data set'!P$4:P$484) -> 3077 | F10: =SUMIF('Full 1801-31 data set'!$F$4:$F$484,"Medium village",'Full 1801-31 data set'!Q$4:Q$484) -> 11491 | G10: =SUMIF('Full 1801-31 data set'!$F$4:$F$484,"Medium village",'Full 1801-31 data set'!R$4:R$484) -> 21309 | H10: =G10/C10 -> 4.7206469 | I10: =D10/G10 -> 0.31634521 | J10: =E10/G10 -> 0.14439908 | K10: =F10/G10 -> 0.53925571 | L10: =E10/D10 -> 0.45646047 | M10: =F10/(D10+E10) -> 1.1704013 | N10: =G10/G$2 -> 0.062481124 | O10: =SUMIF('Full 1801-31 data set'!$F$4:$F$484,"Medium village",'Full 1801-31 data set'!Z$4:Z$484) -> 23067 | P10: =SUMIF('Full 1801-31 data set'!$F$4:$F$484,"Medium village",'Full 1801-31 data set'!AA$4:AA$484) -> 26814 | Q10: =SUMIF('Full 1801-31 data set'!$F$4:$F$484,"Medium village",'Full 1801-31 data set'!AB$4:AB$484) -> 29325 | R10: =O10/G10 -> 1.0825004 | S10: =P10/O10 -> 1.1624398 | T10: =Q10/P10 -> 1.0936451 | U10: =Q10/G10 -> 1.3761791 | V10: =0.6*O10+0.4*P10 -> 24565.8 | W10: =SUMIF('Full 1801-31 data set'!$F$4:$F$484,"Medium village",'Full 1801-31 data set'!AH$4:AH$484) -> 136973 | X10: =W10/V10 -> 5.5757598 | Y10: =X10/X$2 -> 1.1856351
A11: Small villages and hamlets (under 1,000 inhabitants) | B11: =B5-B6-B9-B10 -> 25327 | C11: =C5-C6-C9-C10 -> 27835 | D11: =D5-D6-D9-D10 -> 62869 | E11: =E5-E6-E9-E10 -> 16738 | F11: =F5-F6-F9-F10 -> 62180 | G11: =G5-G6-G9-G10 -> 141787 | H11: =G11/C11 -> 5.0938387 | I11: =D11/G11 -> 0.44340454 | J11: =E11/G11 -> 0.11805031 | K11: =F11/G11 -> 0.43854514 | L11: =E11/D11 -> 0.26623614 | M11: =F11/(D11+E11) -> 0.78108709 | N11: =G11/G$2 -> 0.41574035 | O11: =O5-O6-O9-O10 -> 153243 | P11: =P5-P6-P9-P10 -> 177190 | Q11: =Q5-Q6-Q9-Q10 -> 194474 | R11: =O11/G11 -> 1.0807973 | S11: =P11/O11 -> 1.1562681 | T11: =Q11/P11 -> 1.097545 | U11: =Q11/G11 -> 1.3715926 | V11: =0.6*O11+0.4*P11 -> 162821.8 | W11: =W5-W6-W9-W10 -> 960480 | X11: =W11/V11 -> 5.8989644 | Y11: =X11/X$2 -> 1.2543616
A14: User-defined Parish or Group of Parishes 1 | B14: =SUMIF('Full 1801-31 data set'!$B$4:$B$484,1,'Full 1801-31 data set'!M$4:M$484) -> 1438 | C14: =SUMIF('Full 1801-31 data set'!$B$4:$B$484,1,'Full 1801-31 data set'!N$4:N$484) -> 1555 | D14: =SUMIF('Full 1801-31 data set'!$B$4:$B$484,1,'Full 1801-31 data set'!O$4:O$484) -> 888 | E14: =SUMIF('Full 1801-31 data set'!$B$4:$B$484,1,'Full 1801-31 data set'!P$4:P$484) -> 2172 | F14: =SUMIF('Full 1801-31 data set'!$B$4:$B$484,1,'Full 1801-31 data set'!Q$4:Q$484) -> 4364 | G14: =SUMIF('Full 1801-31 data set'!$B$4:$B$484,1,'Full 1801-31 data set'!R$4:R$484) -> 7424 | H14: =G14/C14 -> 4.7742765 | I14: =D14/G14 -> 0.11961207 | J14: =E14/G14 -> 0.29256466 | K14: =F14/G14 -> 0.58782328 | L14: =E14/D14 -> 2.4459459 | M14: =F14/(D14+E14) -> 1.4261438 | N14: =G14/G$2 -> 0.021768261 | O14: =SUMIF('Full 1801-31 data set'!$B$4:$B$484,1,'Full 1801-31 data set'!Z$4:Z$484) -> 8584 | P14: =SUMIF('Full 1801-31 data set'!$B$4:$B$484,1,'Full 1801-31 data set'!AA$4:AA$484) -> 10730 | Q14: =SUMIF('Full 1801-31 data set'!$B$4:$B$484,1,'Full 1801-31 data set'!AB$4:AB$484) -> 11536 | R14: =O14/G14 -> 1.15625 | S14: =P14/O14 -> 1.25 | T14: =Q14/P14 -> 1.0751165 | U14: =Q14/G14 -> 1.5538793 | V14: =0.6*O14+0.4*P14 -> 9442.4 | W14: =SUMIF('Full 1801-31 data set'!$B$4:$B$484,1,'Full 1801-31 data set'!AH$4:AH$484) -> 47038 | X14: =W14/V14 -> 4.9815725 | Y14: =X14/X$2 -> 1.0592865
A15: User-defined Parish or Group of Parishes 2 | B15: =SUMIF('Full 1801-31 data set'!$B$4:$B$484,2,'Full 1801-31 data set'!M$4:M$484) -> 1083 | C15: =SUMIF('Full 1801-31 data set'!$B$4:$B$484,2,'Full 1801-31 data set'!N$4:N$484) -> 1216 | D15: =SUMIF('Full 1801-31 data set'!$B$4:$B$484,2,'Full 1801-31 data set'!O$4:O$484) -> 1716 | E15: =SUMIF('Full 1801-31 data set'!$B$4:$B$484,2,'Full 1801-31 data set'!P$4:P$484) -> 971 | F15: =SUMIF('Full 1801-31 data set'!$B$4:$B$484,2,'Full 1801-31 data set'!Q$4:Q$484) -> 3223 | G15: =SUMIF('Full 1801-31 data set'!$B$4:$B$484,2,'Full 1801-31 data set'!R$4:R$484) -> 5910 | H15: =G15/C15 -> 4.8601974 | I15: =D15/G15 -> 0.29035533 | J15: =E15/G15 -> 0.1642978 | K15: =F15/G15 -> 0.54534687 | L15: =E15/D15 -> 0.56585082 | M15: =F15/(D15+E15) -> 1.199479 | N15: =G15/G$2 -> 0.01732899 | O15: =SUMIF('Full 1801-31 data set'!$B$4:$B$484,2,'Full 1801-31 data set'!Z$4:Z$484) -> 6221 | P15: =SUMIF('Full 1801-31 data set'!$B$4:$B$484,2,'Full 1801-31 data set'!AA$4:AA$484) -> 6952 | Q15: =SUMIF('Full 1801-31 data set'!$B$4:$B$484,2,'Full 1801-31 data set'!AB$4:AB$484) -> 7447 | R15: =O15/G15 -> 1.0526227 | S15: =P15/O15 -> 1.1175052 | T15: =Q15/P15 -> 1.0712025 | U15: =Q15/G15 -> 1.2600677 | V15: =0.6*O15+0.4*P15 -> 6513.4 | W15: =SUMIF('Full 1801-31 data set'!$B$4:$B$484,2,'Full 1801-31 data set'!AH$4:AH$484) -> 47704 | X15: =W15/V15 -> 7.3239783 | Y15: =X15/X$2 -> 1.557378
A16: User-defined Parish or Group of Parishes 3 | B16: =SUMIF('Full 1801-31 data set'!$B$4:$B$484,3,'Full 1801-31 data set'!M$4:M$484) -> 245 | C16: =SUMIF('Full 1801-31 data set'!$B$4:$B$484,3,'Full 1801-31 data set'!N$4:N$484) -> 271 | D16: =SUMIF('Full 1801-31 data set'!$B$4:$B$484,3,'Full 1801-31 data set'!O$4:O$484) -> 996 | E16: =SUMIF('Full 1801-31 data set'!$B$4:$B$484,3,'Full 1801-31 data set'!P$4:P$484) -> 160 | F16: =SUMIF('Full 1801-31 data set'!$B$4:$B$484,3,'Full 1801-31 data set'!Q$4:Q$484) -> 270 | G16: =SUMIF('Full 1801-31 data set'!$B$4:$B$484,3,'Full 1801-31 data set'!R$4:R$484) -> 1426 | H16: =G16/C16 -> 5.2619926 | I16: =D16/G16 -> 0.69845722 | J16: =E16/G16 -> 0.11220196 | K16: =F16/G16 -> 0.18934081 | L16: =E16/D16 -> 0.16064257 | M16: =F16/(D16+E16) -> 0.23356401 | N16: =G16/G$2 -> 0.0041812419 | O16: =SUMIF('Full 1801-31 data set'!$B$4:$B$484,3,'Full 1801-31 data set'!Z$4:Z$484) -> 1436 | P16: =SUMIF('Full 1801-31 data set'!$B$4:$B$484,3,'Full 1801-31 data set'!AA$4:AA$484) -> 1814 | Q16: =SUMIF('Full 1801-31 data set'!$B$4:$B$484,3,'Full 1801-31 data set'!AB$4:AB$484) -> 1878 | R16: =O16/G16 -> 1.0070126 | S16: =P16/O16 -> 1.2632312 | T16: =Q16/P16 -> 1.0352811 | U16: =Q16/G16 -> 1.3169705 | V16: =0.6*O16+0.4*P16 -> 1587.2 | W16: =SUMIF('Full 1801-31 data set'!$B$4:$B$484,3,'Full 1801-31 data set'!AH$4:AH$484) -> 12271 | X16: =W16/V16 -> 7.7312248 | Y16: =X16/X$2 -> 1.6439753
A17: User-defined Parish or Group of Parishes 4 | B17: =SUMIF('Full 1801-31 data set'!$B$4:$B$484,4,'Full 1801-31 data set'!M$4:M$484) -> 695 | C17: =SUMIF('Full 1801-31 data set'!$B$4:$B$484,4,'Full 1801-31 data set'!N$4:N$484) -> 736 | D17: =SUMIF('Full 1801-31 data set'!$B$4:$B$484,4,'Full 1801-31 data set'!O$4:O$484) -> 1566 | E17: =SUMIF('Full 1801-31 data set'!$B$4:$B$484,4,'Full 1801-31 data set'!P$4:P$484) -> 535 | F17: =SUMIF('Full 1801-31 data set'!$B$4:$B$484,4,'Full 1801-31 data set'!Q$4:Q$484) -> 1332 | G17: =SUMIF('Full 1801-31 data set'!$B$4:$B$484,4,'Full 1801-31 data set'!R$4:R$484) -> 3433 | H17: =G17/C17 -> 4.6644022 | I17: =D17/G17 -> 0.45616079 | J17: =E17/G17 -> 0.15584037 | K17: =F17/G17 -> 0.38799883 | L17: =E17/D17 -> 0.34163474 | M17: =F17/(D17+E17) -> 0.63398382 | N17: =G17/G$2 -> 0.010066061 | O17: =SUMIF('Full 1801-31 data set'!$B$4:$B$484,4,'Full 1801-31 data set'!Z$4:Z$484) -> 3625 | P17: =SUMIF('Full 1801-31 data set'!$B$4:$B$484,4,'Full 1801-31 data set'!AA$4:AA$484) -> 4313 | Q17: =SUMIF('Full 1801-31 data set'!$B$4:$B$484,4,'Full 1801-31 data set'!AB$4:AB$484) -> 4577 | R17: =O17/G17 -> 1.0559278 | S17: =P17/O17 -> 1.1897931 | T17: =Q17/P17 -> 1.0612103 | U17: =Q17/G17 -> 1.3332362 | V17: =0.6*O17+0.4*P17 -> 3900.2 | W17: =SUMIF('Full 1801-31 data set'!$B$4:$B$484,4,'Full 1801-31 data set'!AH$4:AH$484) -> 22315 | X17: =W17/V17 -> 5.7215015 | Y17: =X17/X$2 -> 1.2166257
A18: User-defined Parish or Group of Parishes 5 | B18: =SUMIF('Full 1801-31 data set'!$B$4:$B$484,5,'Full 1801-31 data set'!M$4:M$484) -> 855 | C18: =SUMIF('Full 1801-31 data set'!$B$4:$B$484,5,'Full 1801-31 data set'!N$4:N$484) -> 1032 | D18: =SUMIF('Full 1801-31 data set'!$B$4:$B$484,5,'Full 1801-31 data set'!O$4:O$484) -> 2232 | E18: =SUMIF('Full 1801-31 data set'!$B$4:$B$484,5,'Full 1801-31 data set'!P$4:P$484) -> 908 | F18: =SUMIF('Full 1801-31 data set'!$B$4:$B$484,5,'Full 1801-31 data set'!Q$4:Q$484) -> 2031 | G18: =SUMIF('Full 1801-31 data set'!$B$4:$B$484,5,'Full 1801-31 data set'!R$4:R$484) -> 5171 | H18: =G18/C18 -> 5.0106589 | I18: =D18/G18 -> 0.43163798 | J18: =E18/G18 -> 0.17559466 | K18: =F18/G18 -> 0.39276736 | L18: =E18/D18 -> 0.40681004 | M18: =F18/(D18+E18) -> 0.64681529 | N18: =G18/G$2 -> 0.015162133 | O18: =SUMIF('Full 1801-31 data set'!$B$4:$B$484,5,'Full 1801-31 data set'!Z$4:Z$484) -> 5018 | P18: =SUMIF('Full 1801-31 data set'!$B$4:$B$484,5,'Full 1801-31 data set'!AA$4:AA$484) -> 5888 | Q18: =SUMIF('Full 1801-31 data set'!$B$4:$B$484,5,'Full 1801-31 data set'!AB$4:AB$484) -> 6017 | R18: =O18/G18 -> 0.97041191 | S18: =P18/O18 -> 1.1733758 | T18: =Q18/P18 -> 1.021909 | U18: =Q18/G18 -> 1.1636047 | V18: =0.6*O18+0.4*P18 -> 5366 | W18: =SUMIF('Full 1801-31 data set'!$B$4:$B$484,5,'Full 1801-31 data set'!AH$4:AH$484) -> 32464 | X18: =W18/V18 -> 6.0499441 | Y18: =X18/X$2 -> 1.2864661
A24: INTERMEDIATE WORKING SUB-TOTALS
A25: Market towns with continuing markets (single parishes) | B25: =SUMIF('Full 1801-31 data set'!$E$4:$E$484,"Yes",'Full 1801-31 data set'!M$4:M$484) -> 13793 | C25: =SUMIF('Full 1801-31 data set'!$E$4:$E$484,"Yes",'Full 1801-31 data set'!N$4:N$484) -> 16490 | D25: =SUMIF('Full 1801-31 data set'!$E$4:$E$484,"Yes",'Full 1801-31 data set'!O$4:O$484) -> 13333 | E25: =SUMIF('Full 1801-31 data set'!$E$4:$E$484,"Yes",'Full 1801-31 data set'!P$4:P$484) -> 19416 | F25: =SUMIF('Full 1801-31 data set'!$E$4:$E$484,"Yes",'Full 1801-31 data set'!Q$4:Q$484) -> 41922 | G25: =SUMIF('Full 1801-31 data set'!$E$4:$E$484,"Yes",'Full 1801-31 data set'!R$4:R$484) -> 74671 | H25: =G25/C25 -> 4.5282596 | I25: =D25/G25 -> 0.1785566 | J25: =E25/G25 -> 0.26002062 | K25: =F25/G25 -> 0.56142277 | L25: =E25/D25 -> 1.4562364 | M25: =F25/(D25+E25) -> 1.2801002 | N25: =G25/G$2 -> 0.21894636 | O25: =SUMIF('Full 1801-31 data set'!$E$4:$E$484,"Yes",'Full 1801-31 data set'!Z$4:Z$484) -> 80341 | P25: =SUMIF('Full 1801-31 data set'!$E$4:$E$484,"Yes",'Full 1801-31 data set'!AA$4:AA$484) -> 95502 | Q25: =SUMIF('Full 1801-31 data set'!$E$4:$E$484,"Yes",'Full 1801-31 data set'!AB$4:AB$484) -> 106609 | R25: =O25/G25 -> 1.0759331 | S25: =P25/O25 -> 1.1887081 | T25: =Q25/P25 -> 1.1163012 | U25: =Q25/G25 -> 1.4277162 | V25: =0.6*O25+0.4*P25 -> 86405.4 | W25: =SUMIF('Full 1801-31 data set'!$E$4:$E$484,"Yes",'Full 1801-31 data set'!AH$4:AH$484) -> 314812 | X25: =W25/V25 -> 3.6434297 | Y25: =X25/X$2 -> 0.77474248
A26: Market towns with continuing markets (multiple parishes) | B26: =SUMIF('Full 1801-31 data set'!$E$4:$E$484,"Yes (part)",'Full 1801-31 data set'!M$4:M$484) -> 1107 | C26: =SUMIF('Full 1801-31 data set'!$E$4:$E$484,"Yes (part)",'Full 1801-31 data set'!N$4:N$484) -> 1815 | D26: =SUMIF('Full 1801-31 data set'!$E$4:$E$484,"Yes (part)",'Full 1801-31 data set'!O$4:O$484) -> 668 | E26: =SUMIF('Full 1801-31 data set'!$E$4:$E$484,"Yes (part)",'Full 1801-31 data set'!P$4:P$484) -> 2225 | F26: =SUMIF('Full 1801-31 data set'!$E$4:$E$484,"Yes (part)",'Full 1801-31 data set'!Q$4:Q$484) -> 4410 | G26: =SUMIF('Full 1801-31 data set'!$E$4:$E$484,"Yes (part)",'Full 1801-31 data set'!R$4:R$484) -> 7303 | H26: =G26/C26 -> 4.0236915 | I26: =D26/G26 -> 0.091469259 | J26: =E26/G26 -> 0.30466931 | K26: =F26/G26 -> 0.60386143 | L26: =E26/D26 -> 3.3308383 | M26: =F26/(D26+E26) -> 1.5243692 | N26: =G26/G$2 -> 0.021413471 | O26: =SUMIF('Full 1801-31 data set'!$E$4:$E$484,"Yes (part)",'Full 1801-31 data set'!Z$4:Z$484) -> 8221 | P26: =SUMIF('Full 1801-31 data set'!$E$4:$E$484,"Yes (part)",'Full 1801-31 data set'!AA$4:AA$484) -> 9606 | Q26: =SUMIF('Full 1801-31 data set'!$E$4:$E$484,"Yes (part)",'Full 1801-31 data set'!AB$4:AB$484) -> 10178 | R26: =O26/G26 -> 1.1257018 | S26: =P26/O26 -> 1.168471 | T26: =Q26/P26 -> 1.0595461 | U26: =Q26/G26 -> 1.3936738 | V26: =0.6*O26+0.4*P26 -> 8775 | W26: =SUMIF('Full 1801-31 data set'!$E$4:$E$484,"Yes (part)",'Full 1801-31 data set'!AH$4:AH$484) -> 32829 | X26: =W26/V26 -> 3.7411966 | Y26: =X26/X$2 -> 0.79553173

Sheet Hundreds
A1: Hundreds | B1: Houses | C1: Families | D1: Agric | E1: Mftg | F1: Other | G1: Popn01 | H1: Pop/Fam | I1: Ag/Pop | J1: Ind/Pop | K1: Other/Pop | L1: Ind/Ag | M1: Other/A+I | N1: % of Devon | O1: Popn11 | P1: Popn21 | Q1: Popn31 | R1: Popn11/01 | S1: Popn21/11 | T1: Popn31/21 | U1: Popn31/01 | V1: Popn15 (est) | W1: Prop val 15 | X1: £/cap | Y1: £/cap %Dev
A2: Axminster | B2: =SUMIF('Full 1801-31 data set'!$D$4:$D$484,1,'Full 1801-31 data set'!M$4:M$484) -> 2051 | C2: =SUMIF('Full 1801-31 data set'!$D$4:$D$484,1,'Full 1801-31 data set'!N$4:N$484) -> 2211 | D2: =SUMIF('Full 1801-31 data set'!$D$4:$D$484,1,'Full 1801-31 data set'!O$4:O$484) -> 4031 | E2: =SUMIF('Full 1801-31 data set'!$D$4:$D$484,1,'Full 1801-31 data set'!P$4:P$484) -> 2807 | F2: =SUMIF('Full 1801-31 data set'!$D$4:$D$484,1,'Full 1801-31 data set'!Q$4:Q$484) -> 3730 | G2: =SUMIF('Full 1801-31 data set'!$D$4:$D$484,1,'Full 1801-31 data set'!R$4:R$484) -> 10568 | H2: =G2/C2 -> 4.7797377 | I2: =D2/G2 -> 0.38143452 | J2: =E2/G2 -> 0.26561317 | K2: =F2/G2 -> 0.35295231 | L2: =E2/D2 -> 0.69635326 | M2: =F2/(D2+E2) -> 0.54548113 | N2: =G2/G$35 -> 0.030986931 | O2: =SUMIF('Full 1801-31 data set'!$D$4:$D$484,1,'Full 1801-31 data set'!Z$4:Z$484) -> 11394 | P2: =SUMIF('Full 1801-31 data set'!$D$4:$D$484,1,'Full 1801-31 data set'!AA$4:AA$484) -> 13282 | Q2: =SUMIF('Full 1801-31 data set'!$D$4:$D$484,1,'Full 1801-31 data set'!AB$4:AB$484) -> 13939 | R2: =O2/G2 -> 1.0781605 | S2: =P2/O2 -> 1.1657012 | T2: =Q2/P2 -> 1.0494654 | U2: =Q2/G2 -> 1.3189818 | V2: =0.6*O2+0.4*P2 -> 12149.2 | W2: =SUMIF('Full 1801-31 data set'!$D$4:$D$484,1,'Full 1801-31 data set'!AH$4:AH$484) -> 70784 | X2: =W2/V2 -> 5.8262272 | Y2: =X2/X$35 -> 1.2388947
A3: Bampton | B3: =SUMIF('Full 1801-31 data set'!$D$4:$D$484,2,'Full 1801-31 data set'!M$4:M$484) -> 1043 | C3: =SUMIF('Full 1801-31 data set'!$D$4:$D$484,2,'Full 1801-31 data set'!N$4:N$484) -> 1120 | D3: =SUMIF('Full 1801-31 data set'!$D$4:$D$484,2,'Full 1801-31 data set'!O$4:O$484) -> 1703 | E3: =SUMIF('Full 1801-31 data set'!$D$4:$D$484,2,'Full 1801-31 data set'!P$4:P$484) -> 1841 | F3: =SUMIF('Full 1801-31 data set'!$D$4:$D$484,2,'Full 1801-31 data set'!Q$4:Q$484) -> 1663 | G3: =SUMIF('Full 1801-31 data set'!$D$4:$D$484,2,'Full 1801-31 data set'!R$4:R$484) -> 5207 | H3: =G3/C3 -> 4.6491071 | I3: =D3/G3 -> 0.32705973 | J3: =E3/G3 -> 0.35356251 | K3: =F3/G3 -> 0.31937776 | L3: =E3/D3 -> 1.0810335 | M3: =F3/(D3+E3) -> 0.46924379 | N3: =G3/G$35 -> 0.01526769 | O3: =SUMIF('Full 1801-31 data set'!$D$4:$D$484,2,'Full 1801-31 data set'!Z$4:Z$484) -> 5496 | P3: =SUMIF('Full 1801-31 data set'!$D$4:$D$484,2,'Full 1801-31 data set'!AA$4:AA$484) -> 6089 | Q3: =SUMIF('Full 1801-31 data set'!$D$4:$D$484,2,'Full 1801-31 data set'!AB$4:AB$484) -> 6500 | R3: =O3/G3 -> 1.0555022 | S3: =P3/O3 -> 1.1078967 | T3: =Q3/P3 -> 1.0674988 | U3: =Q3/G3 -> 1.2483196 | V3: =0.6*O3+0.4*P3 -> 5733.2 | W3: =SUMIF('Full 1801-31 data set'!$D$4:$D$484,2,'Full 1801-31 data set'!AH$4:AH$484) -> 31102 | X3: =W3/V3 -> 5.4248936 | Y3: =X3/X$35 -> 1.1535547
A4: Black Torrington | B4: =SUMIF('Full 1801-31 data set'!$D$4:$D$484,3,'Full 1801-31 data set'!M$4:M$484) -> 2336 | C4: =SUMIF('Full 1801-31 data set'!$D$4:$D$484,3,'Full 1801-31 data set'!N$4:N$484) -> 2578 | D4: =SUMIF('Full 1801-31 data set'!$D$4:$D$484,3,'Full 1801-31 data set'!O$4:O$484) -> 6994 | E4: =SUMIF('Full 1801-31 data set'!$D$4:$D$484,3,'Full 1801-31 data set'!P$4:P$484) -> 1382 | F4: =SUMIF('Full 1801-31 data set'!$D$4:$D$484,3,'Full 1801-31 data set'!Q$4:Q$484) -> 5052 | G4: =SUMIF('Full 1801-31 data set'!$D$4:$D$484,3,'Full 1801-31 data set'!R$4:R$484) -> 13428 | H4: =G4/C4 -> 5.2086889 | I4: =D4/G4 -> 0.52085195 | J4: =E4/G4 -> 0.10291927 | K4: =F4/G4 -> 0.37622878 | L4: =E4/D4 -> 0.19759794 | M4: =F4/(D4+E4) -> 0.60315186 | N4: =G4/G$35 -> 0.039372872 | O4: =SUMIF('Full 1801-31 data set'!$D$4:$D$484,3,'Full 1801-31 data set'!Z$4:Z$484) -> 14935 | P4: =SUMIF('Full 1801-31 data set'!$D$4:$D$484,3,'Full 1801-31 data set'!AA$4:AA$484) -> 17536 | Q4: =SUMIF('Full 1801-31 data set'!$D$4:$D$484,3,'Full 1801-31 data set'!AB$4:AB$484) -> 19492 | R4: =O4/G4 -> 1.1122282 | S4: =P4/O4 -> 1.1741547 | T4: =Q4/P4 -> 1.111542 | U4: =Q4/G4 -> 1.4515937 | V4: =0.6*O4+0.4*P4 -> 15975.4 | W4: =SUMIF('Full 1801-31 data set'!$D$4:$D$484,3,'Full 1801-31 data set'!AH$4:AH$484) -> 63334 | X4: =W4/V4 -> 3.9644704 | Y4: =X4/X$35 -> 0.84300889
A5: Braunton | B5: =SUMIF('Full 1801-31 data set'!$D$4:$D$484,4,'Full 1801-31 data set'!M$4:M$484) -> 2440 | C5: =SUMIF('Full 1801-31 data set'!$D$4:$D$484,4,'Full 1801-31 data set'!N$4:N$484) -> 2799 | D5: =SUMIF('Full 1801-31 data set'!$D$4:$D$484,4,'Full 1801-31 data set'!O$4:O$484) -> 3925 | E5: =SUMIF('Full 1801-31 data set'!$D$4:$D$484,4,'Full 1801-31 data set'!P$4:P$484) -> 1515 | F5: =SUMIF('Full 1801-31 data set'!$D$4:$D$484,4,'Full 1801-31 data set'!Q$4:Q$484) -> 7937 | G5: =SUMIF('Full 1801-31 data set'!$D$4:$D$484,4,'Full 1801-31 data set'!R$4:R$484) -> 13377 | H5: =G5/C5 -> 4.7792069 | I5: =D5/G5 -> 0.29341407 | J5: =E5/G5 -> 0.11325409 | K5: =F5/G5 -> 0.59333184 | L5: =E5/D5 -> 0.38598726 | M5: =F5/(D5+E5) -> 1.4590074 | N5: =G5/G$35 -> 0.039223333 | O5: =SUMIF('Full 1801-31 data set'!$D$4:$D$484,4,'Full 1801-31 data set'!Z$4:Z$484) -> 14287 | P5: =SUMIF('Full 1801-31 data set'!$D$4:$D$484,4,'Full 1801-31 data set'!AA$4:AA$484) -> 17927 | Q5: =SUMIF('Full 1801-31 data set'!$D$4:$D$484,4,'Full 1801-31 data set'!AB$4:AB$484) -> 21974 | R5: =O5/G5 -> 1.0680272 | S5: =P5/O5 -> 1.2547771 | T5: =Q5/P5 -> 1.2257489 | U5: =Q5/G5 -> 1.6426703 | V5: =0.6*O5+0.4*P5 -> 15743 | W5: =SUMIF('Full 1801-31 data set'!$D$4:$D$484,4,'Full 1801-31 data set'!AH$4:AH$484) -> 68679 | X5: =W5/V5 -> 4.3625103 | Y5: =X5/X$35 -> 0.9276485
A6: Cliston | B6: =SUMIF('Full 1801-31 data set'!$D$4:$D$484,5,'Full 1801-31 data set'!M$4:M$484) -> 581 | C6: =SUMIF('Full 1801-31 data set'!$D$4:$D$484,5,'Full 1801-31 data set'!N$4:N$484) -> 604 | D6: =SUMIF('Full 1801-31 data set'!$D$4:$D$484,5,'Full 1801-31 data set'!O$4:O$484) -> 1770 | E6: =SUMIF('Full 1801-31 data set'!$D$4:$D$484,5,'Full 1801-31 data set'!P$4:P$484) -> 263 | F6: =SUMIF('Full 1801-31 data set'!$D$4:$D$484,5,'Full 1801-31 data set'!Q$4:Q$484) -> 528 | G6: =SUMIF('Full 1801-31 data set'!$D$4:$D$484,5,'Full 1801-31 data set'!R$4:R$484) -> 2561 | H6: =G6/C6 -> 4.2400662 | I6: =D6/G6 -> 0.69113627 | J6: =E6/G6 -> 0.10269426 | K6: =F6/G6 -> 0.20616947 | L6: =E6/D6 -> 0.14858757 | M6: =F6/(D6+E6) -> 0.25971471 | N6: =G6/G$35 -> 0.0075092289 | O6: =SUMIF('Full 1801-31 data set'!$D$4:$D$484,5,'Full 1801-31 data set'!Z$4:Z$484) -> 2763 | P6: =SUMIF('Full 1801-31 data set'!$D$4:$D$484,5,'Full 1801-31 data set'!AA$4:AA$484) -> 3032 | Q6: =SUMIF('Full 1801-31 data set'!$D$4:$D$484,5,'Full 1801-31 data set'!AB$4:AB$484) -> 3482 | R6: =O6/G6 -> 1.0788754 | S6: =P6/O6 -> 1.0973579 | T6: =Q6/P6 -> 1.1484169 | U6: =Q6/G6 -> 1.3596251 | V6: =0.6*O6+0.4*P6 -> 2870.6 | W6: =SUMIF('Full 1801-31 data set'!$D$4:$D$484,5,'Full 1801-31 data set'!AH$4:AH$484) -> 24098 | X6: =W6/V6 -> 8.3947607 | Y6: =X6/X$35 -> 1.7850702
A7: Coleridge | B7: =SUMIF('Full 1801-31 data set'!$D$4:$D$484,6,'Full 1801-31 data set'!M$4:M$484) -> 2552 | C7: =SUMIF('Full 1801-31 data set'!$D$4:$D$484,6,'Full 1801-31 data set'!N$4:N$484) -> 3452 | D7: =SUMIF('Full 1801-31 data set'!$D$4:$D$484,6,'Full 1801-31 data set'!O$4:O$484) -> 3511 | E7: =SUMIF('Full 1801-31 data set'!$D$4:$D$484,6,'Full 1801-31 data set'!P$4:P$484) -> 3208 | F7: =SUMIF('Full 1801-31 data set'!$D$4:$D$484,6,'Full 1801-31 data set'!Q$4:Q$484) -> 8555 | G7: =SUMIF('Full 1801-31 data set'!$D$4:$D$484,6,'Full 1801-31 data set'!R$4:R$484) -> 15274 | H7: =G7/C7 -> 4.4246813 | I7: =D7/G7 -> 0.22986775 | J7: =E7/G7 -> 0.21003012 | K7: =F7/G7 -> 0.56010213 | L7: =E7/D7 -> 0.9136998 | M7: =F7/(D7+E7) -> 1.2732549 | N7: =G7/G$35 -> 0.044785616 | O7: =SUMIF('Full 1801-31 data set'!$D$4:$D$484,6,'Full 1801-31 data set'!Z$4:Z$484) -> 16529 | P7: =SUMIF('Full 1801-31 data set'!$D$4:$D$484,6,'Full 1801-31 data set'!AA$4:AA$484) -> 19018 | Q7: =SUMIF('Full 1801-31 data set'!$D$4:$D$484,6,'Full 1801-31 data set'!AB$4:AB$484) -> 20319 | R7: =O7/G7 -> 1.0821658 | S7: =P7/O7 -> 1.1505838 | T7: =Q7/P7 -> 1.0684089 | U7: =Q7/G7 -> 1.3302999 | V7: =0.6*O7+0.4*P7 -> 17524.6 | W7: =SUMIF('Full 1801-31 data set'!$D$4:$D$484,6,'Full 1801-31 data set'!AH$4:AH$484) -> 86633 | X7: =W7/V7 -> 4.943508 | Y7: =X7/X$35 -> 1.0511924
A8: Colyton | B8: =SUMIF('Full 1801-31 data set'!$D$4:$D$484,7,'Full 1801-31 data set'!M$4:M$484) -> 1036 | C8: =SUMIF('Full 1801-31 data set'!$D$4:$D$484,7,'Full 1801-31 data set'!N$4:N$484) -> 1201 | D8: =SUMIF('Full 1801-31 data set'!$D$4:$D$484,7,'Full 1801-31 data set'!O$4:O$484) -> 1455 | E8: =SUMIF('Full 1801-31 data set'!$D$4:$D$484,7,'Full 1801-31 data set'!P$4:P$484) -> 480 | F8: =SUMIF('Full 1801-31 data set'!$D$4:$D$484,7,'Full 1801-31 data set'!Q$4:Q$484) -> 3950 | G8: =SUMIF('Full 1801-31 data set'!$D$4:$D$484,7,'Full 1801-31 data set'!R$4:R$484) -> 5885 | H8: =G8/C8 -> 4.9000833 | I8: =D8/G8 -> 0.24723874 | J8: =E8/G8 -> 0.081563297 | K8: =F8/G8 -> 0.67119796 | L8: =E8/D8 -> 0.32989691 | M8: =F8/(D8+E8) -> 2.0413437 | N8: =G8/G$35 -> 0.017255686 | O8: =SUMIF('Full 1801-31 data set'!$D$4:$D$484,7,'Full 1801-31 data set'!Z$4:Z$484) -> 6088 | P8: =SUMIF('Full 1801-31 data set'!$D$4:$D$484,7,'Full 1801-31 data set'!AA$4:AA$484) -> 6971 | Q8: =SUMIF('Full 1801-31 data set'!$D$4:$D$484,7,'Full 1801-31 data set'!AB$4:AB$484) -> 7374 | R8: =O8/G8 -> 1.0344945 | S8: =P8/O8 -> 1.1450394 | T8: =Q8/P8 -> 1.0578109 | U8: =Q8/G8 -> 1.2530161 | V8: =0.6*O8+0.4*P8 -> 6441.2 | W8: =SUMIF('Full 1801-31 data set'!$D$4:$D$484,7,'Full 1801-31 data set'!AH$4:AH$484) -> 42681 | X8: =W8/V8 -> 6.6262498 | Y8: =X8/X$35 -> 1.4090123
A9: Crediton | B9: =SUMIF('Full 1801-31 data set'!$D$4:$D$484,8,'Full 1801-31 data set'!M$4:M$484) -> 1993 | C9: =SUMIF('Full 1801-31 data set'!$D$4:$D$484,8,'Full 1801-31 data set'!N$4:N$484) -> 2047 | D9: =SUMIF('Full 1801-31 data set'!$D$4:$D$484,8,'Full 1801-31 data set'!O$4:O$484) -> 3289 | E9: =SUMIF('Full 1801-31 data set'!$D$4:$D$484,8,'Full 1801-31 data set'!P$4:P$484) -> 4520 | F9: =SUMIF('Full 1801-31 data set'!$D$4:$D$484,8,'Full 1801-31 data set'!Q$4:Q$484) -> 2283 | G9: =SUMIF('Full 1801-31 data set'!$D$4:$D$484,8,'Full 1801-31 data set'!R$4:R$484) -> 10092 | H9: =G9/C9 -> 4.9301417 | I9: =D9/G9 -> 0.3259017 | J9: =E9/G9 -> 0.44787951 | K9: =F9/G9 -> 0.22621879 | L9: =E9/D9 -> 1.3742779 | M9: =F9/(D9+E9) -> 0.29235498 | N9: =G9/G$35 -> 0.029591229 | O9: =SUMIF('Full 1801-31 data set'!$D$4:$D$484,8,'Full 1801-31 data set'!Z$4:Z$484) -> 10648 | P9: =SUMIF('Full 1801-31 data set'!$D$4:$D$484,8,'Full 1801-31 data set'!AA$4:AA$484) -> 11407 | Q9: =SUMIF('Full 1801-31 data set'!$D$4:$D$484,8,'Full 1801-31 data set'!AB$4:AB$484) -> 12237 | R9: =O9/G9 -> 1.0550931 | S9: =P9/O9 -> 1.071281 | T9: =Q9/P9 -> 1.0727623 | U9: =Q9/G9 -> 1.2125446 | V9: =0.6*O9+0.4*P9 -> 10951.6 | W9: =SUMIF('Full 1801-31 data set'!$D$4:$D$484,8,'Full 1801-31 data set'!AH$4:AH$484) -> 43081 | X9: =W9/V9 -> 3.9337631 | Y9: =X9/X$35 -> 0.83647926
A10: East Budleigh | B10: =SUMIF('Full 1801-31 data set'!$D$4:$D$484,9,'Full 1801-31 data set'!M$4:M$484) -> 2578 | C10: =SUMIF('Full 1801-31 data set'!$D$4:$D$484,9,'Full 1801-31 data set'!N$4:N$484) -> 2794 | D10: =SUMIF('Full 1801-31 data set'!$D$4:$D$484,9,'Full 1801-31 data set'!O$4:O$484) -> 4538 | E10: =SUMIF('Full 1801-31 data set'!$D$4:$D$484,9,'Full 1801-31 data set'!P$4:P$484) -> 2431 | F10: =SUMIF('Full 1801-31 data set'!$D$4:$D$484,9,'Full 1801-31 data set'!Q$4:Q$484) -> 6189 | G10: =SUMIF('Full 1801-31 data set'!$D$4:$D$484,9,'Full 1801-31 data set'!R$4:R$484) -> 13158 | H10: =G10/C10 -> 4.7093772 | I10: =D10/G10 -> 0.34488524 | J10: =E10/G10 -> 0.18475452 | K10: =F10/G10 -> 0.47036024 | L10: =E10/D10 -> 0.53569855 | M10: =F10/(D10+E10) -> 0.88807576 | N10: =G10/G$35 -> 0.038581193 | O10: =SUMIF('Full 1801-31 data set'!$D$4:$D$484,9,'Full 1801-31 data set'!Z$4:Z$484) -> 14701 | P10: =SUMIF('Full 1801-31 data set'!$D$4:$D$484,9,'Full 1801-31 data set'!AA$4:AA$484) -> 18250 | Q10: =SUMIF('Full 1801-31 data set'!$D$4:$D$484,9,'Full 1801-31 data set'!AB$4:AB$484) -> 20266 | R10: =O10/G10 -> 1.1172671 | S10: =P10/O10 -> 1.2414121 | T10: =Q10/P10 -> 1.1104658 | U10: =Q10/G10 -> 1.5402037 | V10: =0.6*O10+0.4*P10 -> 16120.6 | W10: =SUMIF('Full 1801-31 data set'!$D$4:$D$484,9,'Full 1801-31 data set'!AH$4:AH$484) -> 92072 | X10: =W10/V10 -> 5.7114499 | Y10: =X10/X$35 -> 1.2144883
A11: Ermington | B11: =SUMIF('Full 1801-31 data set'!$D$4:$D$484,10,'Full 1801-31 data set'!M$4:M$484) -> 1339 | C11: =SUMIF('Full 1801-31 data set'!$D$4:$D$484,10,'Full 1801-31 data set'!N$4:N$484) -> 1464 | D11: =SUMIF('Full 1801-31 data set'!$D$4:$D$484,10,'Full 1801-31 data set'!O$4:O$484) -> 2492 | E11: =SUMIF('Full 1801-31 data set'!$D$4:$D$484,10,'Full 1801-31 data set'!P$4:P$484) -> 1465 | F11: =SUMIF('Full 1801-31 data set'!$D$4:$D$484,10,'Full 1801-31 data set'!Q$4:Q$484) -> 3914 | G11: =SUMIF('Full 1801-31 data set'!$D$4:$D$484,10,'Full 1801-31 data set'!R$4:R$484) -> 7871 | H11: =G11/C11 -> 5.3763661 | I11: =D11/G11 -> 0.31660526 | J11: =E11/G11 -> 0.18612629 | K11: =F11/G11 -> 0.49726845 | L11: =E11/D11 -> 0.58788122 | M11: =F11/(D11+E11) -> 0.98913318 | N11: =G11/G$35 -> 0.02307893 | O11: =SUMIF('Full 1801-31 data set'!$D$4:$D$484,10,'Full 1801-31 data set'!Z$4:Z$484) -> 8671 | P11: =SUMIF('Full 1801-31 data set'!$D$4:$D$484,10,'Full 1801-31 data set'!AA$4:AA$484) -> 10364 | Q11: =SUMIF('Full 1801-31 data set'!$D$4:$D$484,10,'Full 1801-31 data set'!AB$4:AB$484) -> 10524 | R11: =O11/G11 -> 1.1016389 | S11: =P11/O11 -> 1.1952485 | T11: =Q11/P11 -> 1.0154381 | U11: =Q11/G11 -> 1.3370601 | V11: =0.6*O11+0.4*P11 -> 9348.2 | W11: =SUMIF('Full 1801-31 data set'!$D$4:$D$484,10,'Full 1801-31 data set'!AH$4:AH$484) -> 65245 | X11: =W11/V11 -> 6.9794185 | Y11: =X11/X$35 -> 1.4841104
A12: Exminster | B12: =SUMIF('Full 1801-31 data set'!$D$4:$D$484,11,'Full 1801-31 data set'!M$4:M$484) -> 2260 | C12: =SUMIF('Full 1801-31 data set'!$D$4:$D$484,11,'Full 1801-31 data set'!N$4:N$484) -> 2564 | D12: =SUMIF('Full 1801-31 data set'!$D$4:$D$484,11,'Full 1801-31 data set'!O$4:O$484) -> 2829 | E12: =SUMIF('Full 1801-31 data set'!$D$4:$D$484,11,'Full 1801-31 data set'!P$4:P$484) -> 1221 | F12: =SUMIF('Full 1801-31 data set'!$D$4:$D$484,11,'Full 1801-31 data set'!Q$4:Q$484) -> 7171 | G12: =SUMIF('Full 1801-31 data set'!$D$4:$D$484,11,'Full 1801-31 data set'!R$4:R$484) -> 11221 | H12: =G12/C12 -> 4.3763651 | I12: =D12/G12 -> 0.25211657 | J12: =E12/G12 -> 0.10881383 | K12: =F12/G12 -> 0.6390696 | L12: =E12/D12 -> 0.43160127 | M12: =F12/(D12+E12) -> 1.7706173 | N12: =G12/G$35 -> 0.032901624 | O12: =SUMIF('Full 1801-31 data set'!$D$4:$D$484,11,'Full 1801-31 data set'!Z$4:Z$484) -> 13071 | P12: =SUMIF('Full 1801-31 data set'!$D$4:$D$484,11,'Full 1801-31 data set'!AA$4:AA$484) -> 16023 | Q12: =SUMIF('Full 1801-31 data set'!$D$4:$D$484,11,'Full 1801-31 data set'!AB$4:AB$484) -> 18232 | R12: =O12/G12 -> 1.1648694 | S12: =P12/O12 -> 1.2258435 | T12: =Q12/P12 -> 1.1378643 | U12: =Q12/G12 -> 1.6248106 | V12: =0.6*O12+0.4*P12 -> 14251.8 | W12: =SUMIF('Full 1801-31 data set'!$D$4:$D$484,11,'Full 1801-31 data set'!AH$4:AH$484) -> 72016 | X12: =W12/V12 -> 5.0531161 | Y12: =X12/X$35 -> 1.0744996
A13: Fremington | B13: =SUMIF('Full 1801-31 data set'!$D$4:$D$484,12,'Full 1801-31 data set'!M$4:M$484) -> 1143 | C13: =SUMIF('Full 1801-31 data set'!$D$4:$D$484,12,'Full 1801-31 data set'!N$4:N$484) -> 1283 | D13: =SUMIF('Full 1801-31 data set'!$D$4:$D$484,12,'Full 1801-31 data set'!O$4:O$484) -> 2242 | E13: =SUMIF('Full 1801-31 data set'!$D$4:$D$484,12,'Full 1801-31 data set'!P$4:P$484) -> 564 | F13: =SUMIF('Full 1801-31 data set'!$D$4:$D$484,12,'Full 1801-31 data set'!Q$4:Q$484) -> 3686 | G13: =SUMIF('Full 1801-31 data set'!$D$4:$D$484,12,'Full 1801-31 data set'!R$4:R$484) -> 6492 | H13: =G13/C13 -> 5.0600156 | I13: =D13/G13 -> 0.34534812 | J13: =E13/G13 -> 0.086876155 | K13: =F13/G13 -> 0.56777572 | L13: =E13/D13 -> 0.25156111 | M13: =F13/(D13+E13) -> 1.3136137 | N13: =G13/G$35 -> 0.0190355 | O13: =SUMIF('Full 1801-31 data set'!$D$4:$D$484,12,'Full 1801-31 data set'!Z$4:Z$484) -> 6587 | P13: =SUMIF('Full 1801-31 data set'!$D$4:$D$484,12,'Full 1801-31 data set'!AA$4:AA$484) -> 7841 | Q13: =SUMIF('Full 1801-31 data set'!$D$4:$D$484,12,'Full 1801-31 data set'!AB$4:AB$484) -> 8844 | R13: =O13/G13 -> 1.0146334 | S13: =P13/O13 -> 1.190375 | T13: =Q13/P13 -> 1.1279174 | U13: =Q13/G13 -> 1.3622921 | V13: =0.6*O13+0.4*P13 -> 7088.6 | W13: =SUMIF('Full 1801-31 data set'!$D$4:$D$484,12,'Full 1801-31 data set'!AH$4:AH$484) -> 26714 | X13: =W13/V13 -> 3.7685862 | Y13: =X13/X$35 -> 0.80135588
A14: Halberton | B14: =SUMIF('Full 1801-31 data set'!$D$4:$D$484,13,'Full 1801-31 data set'!M$4:M$484) -> 558 | C14: =SUMIF('Full 1801-31 data set'!$D$4:$D$484,13,'Full 1801-31 data set'!N$4:N$484) -> 634 | D14: =SUMIF('Full 1801-31 data set'!$D$4:$D$484,13,'Full 1801-31 data set'!O$4:O$484) -> 1505 | E14: =SUMIF('Full 1801-31 data set'!$D$4:$D$484,13,'Full 1801-31 data set'!P$4:P$484) -> 621 | F14: =SUMIF('Full 1801-31 data set'!$D$4:$D$484,13,'Full 1801-31 data set'!Q$4:Q$484) -> 933 | G14: =SUMIF('Full 1801-31 data set'!$D$4:$D$484,13,'Full 1801-31 data set'!R$4:R$484) -> 3059 | H14: =G14/C14 -> 4.8249211 | I14: =D14/G14 -> 0.49199085 | J14: =E14/G14 -> 0.20300752 | K14: =F14/G14 -> 0.30500163 | L14: =E14/D14 -> 0.41262458 | M14: =F14/(D14+E14) -> 0.4388523 | N14: =G14/G$35 -> 0.0089694382 | O14: =SUMIF('Full 1801-31 data set'!$D$4:$D$484,13,'Full 1801-31 data set'!Z$4:Z$484) -> 3247 | P14: =SUMIF('Full 1801-31 data set'!$D$4:$D$484,13,'Full 1801-31 data set'!AA$4:AA$484) -> 3375 | Q14: =SUMIF('Full 1801-31 data set'!$D$4:$D$484,13,'Full 1801-31 data set'!AB$4:AB$484) -> 3473 | R14: =O14/G14 -> 1.061458 | S14: =P14/O14 -> 1.039421 | T14: =Q14/P14 -> 1.029037 | U14: =Q14/G14 -> 1.1353383 | V14: =0.6*O14+0.4*P14 -> 3298.2 | W14: =SUMIF('Full 1801-31 data set'!$D$4:$D$484,13,'Full 1801-31 data set'!AH$4:AH$484) -> 18610 | X14: =W14/V14 -> 5.6424717 | Y14: =X14/X$35 -> 1.1998207
A15: Hartland | B15: =SUMIF('Full 1801-31 data set'!$D$4:$D$484,14,'Full 1801-31 data set'!M$4:M$484) -> 617 | C15: =SUMIF('Full 1801-31 data set'!$D$4:$D$484,14,'Full 1801-31 data set'!N$4:N$484) -> 663 | D15: =SUMIF('Full 1801-31 data set'!$D$4:$D$484,14,'Full 1801-31 data set'!O$4:O$484) -> 1325 | E15: =SUMIF('Full 1801-31 data set'!$D$4:$D$484,14,'Full 1801-31 data set'!P$4:P$484) -> 285 | F15: =SUMIF('Full 1801-31 data set'!$D$4:$D$484,14,'Full 1801-31 data set'!Q$4:Q$484) -> 1819 | G15: =SUMIF('Full 1801-31 data set'!$D$4:$D$484,14,'Full 1801-31 data set'!R$4:R$484) -> 3429 | H15: =G15/C15 -> 5.1719457 | I15: =D15/G15 -> 0.38641003 | J15: =E15/G15 -> 0.083114611 | K15: =F15/G15 -> 0.53047536 | L15: =E15/D15 -> 0.21509434 | M15: =F15/(D15+E15) -> 1.1298137 | N15: =G15/G$35 -> 0.010054333 | O15: =SUMIF('Full 1801-31 data set'!$D$4:$D$484,14,'Full 1801-31 data set'!Z$4:Z$484) -> 3970 | P15: =SUMIF('Full 1801-31 data set'!$D$4:$D$484,14,'Full 1801-31 data set'!AA$4:AA$484) -> 4373 | Q15: =SUMIF('Full 1801-31 data set'!$D$4:$D$484,14,'Full 1801-31 data set'!AB$4:AB$484) -> 4646 | R15: =O15/G15 -> 1.1577719 | S15: =P15/O15 -> 1.1015113 | T15: =Q15/P15 -> 1.0624285 | U15: =Q15/G15 -> 1.354914 | V15: =0.6*O15+0.4*P15 -> 4131.2 | W15: =SUMIF('Full 1801-31 data set'!$D$4:$D$484,14,'Full 1801-31 data set'!AH$4:AH$484) -> 16927 | X15: =W15/V15 -> 4.0973567 | Y15: =X15/X$35 -> 0.87126597
A16: Hayridge | B16: =SUMIF('Full 1801-31 data set'!$D$4:$D$484,15,'Full 1801-31 data set'!M$4:M$484) -> 2120 | C16: =SUMIF('Full 1801-31 data set'!$D$4:$D$484,15,'Full 1801-31 data set'!N$4:N$484) -> 2375 | D16: =SUMIF('Full 1801-31 data set'!$D$4:$D$484,15,'Full 1801-31 data set'!O$4:O$484) -> 3126 | E16: =SUMIF('Full 1801-31 data set'!$D$4:$D$484,15,'Full 1801-31 data set'!P$4:P$484) -> 2349 | F16: =SUMIF('Full 1801-31 data set'!$D$4:$D$484,15,'Full 1801-31 data set'!Q$4:Q$484) -> 5553 | G16: =SUMIF('Full 1801-31 data set'!$D$4:$D$484,15,'Full 1801-31 data set'!R$4:R$484) -> 11028 | H16: =G16/C16 -> 4.6433684 | I16: =D16/G16 -> 0.28346028 | J16: =E16/G16 -> 0.21300326 | K16: =F16/G16 -> 0.50353645 | L16: =E16/D16 -> 0.75143954 | M16: =F16/(D16+E16) -> 1.0142466 | N16: =G16/G$35 -> 0.032335719 | O16: =SUMIF('Full 1801-31 data set'!$D$4:$D$484,15,'Full 1801-31 data set'!Z$4:Z$484) -> 10847 | P16: =SUMIF('Full 1801-31 data set'!$D$4:$D$484,15,'Full 1801-31 data set'!AA$4:AA$484) -> 12315 | Q16: =SUMIF('Full 1801-31 data set'!$D$4:$D$484,15,'Full 1801-31 data set'!AB$4:AB$484) -> 13444 | R16: =O16/G16 -> 0.98358723 | S16: =P16/O16 -> 1.135337 | T16: =Q16/P16 -> 1.0916768 | U16: =Q16/G16 -> 1.2190787 | V16: =0.6*O16+0.4*P16 -> 11434.2 | W16: =SUMIF('Full 1801-31 data set'!$D$4:$D$484,15,'Full 1801-31 data set'!AH$4:AH$484) -> 66296 | X16: =W16/V16 -> 5.7980445 | Y16: =X16/X$35 -> 1.2329019
A17: Haytor | B17: =SUMIF('Full 1801-31 data set'!$D$4:$D$484,16,'Full 1801-31 data set'!M$4:M$484) -> 2978 | C17: =SUMIF('Full 1801-31 data set'!$D$4:$D$484,16,'Full 1801-31 data set'!N$4:N$484) -> 3699 | D17: =SUMIF('Full 1801-31 data set'!$D$4:$D$484,16,'Full 1801-31 data set'!O$4:O$484) -> 4703 | E17: =SUMIF('Full 1801-31 data set'!$D$4:$D$484,16,'Full 1801-31 data set'!P$4:P$484) -> 2825 | F17: =SUMIF('Full 1801-31 data set'!$D$4:$D$484,16,'Full 1801-31 data set'!Q$4:Q$484) -> 10194 | G17: =SUMIF('Full 1801-31 data set'!$D$4:$D$484,16,'Full 1801-31 data set'!R$4:R$484) -> 17722 | H17: =G17/C17 -> 4.7910246 | I17: =D17/G17 -> 0.26537637 | J17: =E17/G17 -> 0.15940639 | K17: =F17/G17 -> 0.57521724 | L17: =E17/D17 -> 0.60068042 | M17: =F17/(D17+E17) -> 1.3541445 | N17: =G17/G$35 -> 0.051963512 | O17: =SUMIF('Full 1801-31 data set'!$D$4:$D$484,16,'Full 1801-31 data set'!Z$4:Z$484) -> 19406 | P17: =SUMIF('Full 1801-31 data set'!$D$4:$D$484,16,'Full 1801-31 data set'!AA$4:AA$484) -> 21032 | Q17: =SUMIF('Full 1801-31 data set'!$D$4:$D$484,16,'Full 1801-31 data set'!AB$4:AB$484) -> 24143 | R17: =O17/G17 -> 1.0950231 | S17: =P17/O17 -> 1.0837885 | T17: =Q17/P17 -> 1.1479175 | U17: =Q17/G17 -> 1.362318 | V17: =0.6*O17+0.4*P17 -> 20056.4 | W17: =SUMIF('Full 1801-31 data set'!$D$4:$D$484,16,'Full 1801-31 data set'!AH$4:AH$484) -> 95695 | X17: =W17/V17 -> 4.7712949 | Y17: =X17/X$35 -> 1.0145729
A18: Hemyock | B18: =SUMIF('Full 1801-31 data set'!$D$4:$D$484,17,'Full 1801-31 data set'!M$4:M$484) -> 932 | C18: =SUMIF('Full 1801-31 data set'!$D$4:$D$484,17,'Full 1801-31 data set'!N$4:N$484) -> 1133 | D18: =SUMIF('Full 1801-31 data set'!$D$4:$D$484,17,'Full 1801-31 data set'!O$4:O$484) -> 1387 | E18: =SUMIF('Full 1801-31 data set'!$D$4:$D$484,17,'Full 1801-31 data set'!P$4:P$484) -> 1608 | F18: =SUMIF('Full 1801-31 data set'!$D$4:$D$484,17,'Full 1801-31 data set'!Q$4:Q$484) -> 2040 | G18: =SUMIF('Full 1801-31 data set'!$D$4:$D$484,17,'Full 1801-31 data set'!R$4:R$484) -> 5035 | H18: =G18/C18 -> 4.4439541 | I18: =D18/G18 -> 0.2754717 | J18: =E18/G18 -> 0.31936445 | K18: =F18/G18 -> 0.40516385 | L18: =E18/D18 -> 1.1593367 | M18: =F18/(D18+E18) -> 0.68113523 | N18: =G18/G$35 -> 0.014763361 | O18: =SUMIF('Full 1801-31 data set'!$D$4:$D$484,17,'Full 1801-31 data set'!Z$4:Z$484) -> 4817 | P18: =SUMIF('Full 1801-31 data set'!$D$4:$D$484,17,'Full 1801-31 data set'!AA$4:AA$484) -> 5469 | Q18: =SUMIF('Full 1801-31 data set'!$D$4:$D$484,17,'Full 1801-31 data set'!AB$4:AB$484) -> 5807 | R18: =O18/G18 -> 0.95670308 | S18: =P18/O18 -> 1.135354 | T18: =Q18/P18 -> 1.0618029 | U18: =Q18/G18 -> 1.1533267 | V18: =0.6*O18+0.4*P18 -> 5077.8 | W18: =SUMIF('Full 1801-31 data set'!$D$4:$D$484,17,'Full 1801-31 data set'!AH$4:AH$484) -> 25696 | X18: =W18/V18 -> 5.0604593 | Y18: =X18/X$35 -> 1.076061
A19: Lifton | B19: =SUMIF('Full 1801-31 data set'!$D$4:$D$484,18,'Full 1801-31 data set'!M$4:M$484) -> 1350 | C19: =SUMIF('Full 1801-31 data set'!$D$4:$D$484,18,'Full 1801-31 data set'!N$4:N$484) -> 1580 | D19: =SUMIF('Full 1801-31 data set'!$D$4:$D$484,18,'Full 1801-31 data set'!O$4:O$484) -> 2788 | E19: =SUMIF('Full 1801-31 data set'!$D$4:$D$484,18,'Full 1801-31 data set'!P$4:P$484) -> 507 | F19: =SUMIF('Full 1801-31 data set'!$D$4:$D$484,18,'Full 1801-31 data set'!Q$4:Q$484) -> 4658 | G19: =SUMIF('Full 1801-31 data set'!$D$4:$D$484,18,'Full 1801-31 data set'!R$4:R$484) -> 7953 | H19: =G19/C19 -> 5.0335443 | I19: =D19/G19 -> 0.35055954 | J19: =E19/G19 -> 0.063749528 | K19: =F19/G19 -> 0.58569093 | L19: =E19/D19 -> 0.18185079 | M19: =F19/(D19+E19) -> 1.4136571 | N19: =G19/G$35 -> 0.023319367 | O19: =SUMIF('Full 1801-31 data set'!$D$4:$D$484,18,'Full 1801-31 data set'!Z$4:Z$484) -> 9742 | P19: =SUMIF('Full 1801-31 data set'!$D$4:$D$484,18,'Full 1801-31 data set'!AA$4:AA$484) -> 11715 | Q19: =SUMIF('Full 1801-31 data set'!$D$4:$D$484,18,'Full 1801-31 data set'!AB$4:AB$484) -> 13447 | R19: =O19/G19 -> 1.2249466 | S19: =P19/O19 -> 1.2025251 | T19: =Q19/P19 -> 1.1478446 | U19: =Q19/G19 -> 1.6908085 | V19: =0.6*O19+0.4*P19 -> 10531.2 | W19: =SUMIF('Full 1801-31 data set'!$D$4:$D$484,18,'Full 1801-31 data set'!AH$4:AH$484) -> 56370 | X19: =W19/V19 -> 5.3526664 | Y19: =X19/X$35 -> 1.1381963
A20: North Tawton & Winkleigh | B20: =SUMIF('Full 1801-31 data set'!$D$4:$D$484,19,'Full 1801-31 data set'!M$4:M$484) -> 1955 | C20: =SUMIF('Full 1801-31 data set'!$D$4:$D$484,19,'Full 1801-31 data set'!N$4:N$484) -> 2160 | D20: =SUMIF('Full 1801-31 data set'!$D$4:$D$484,19,'Full 1801-31 data set'!O$4:O$484) -> 4581 | E20: =SUMIF('Full 1801-31 data set'!$D$4:$D$484,19,'Full 1801-31 data set'!P$4:P$484) -> 2241 | F20: =SUMIF('Full 1801-31 data set'!$D$4:$D$484,19,'Full 1801-31 data set'!Q$4:Q$484) -> 3996 | G20: =SUMIF('Full 1801-31 data set'!$D$4:$D$484,19,'Full 1801-31 data set'!R$4:R$484) -> 10818 | H20: =G20/C20 -> 5.0083333 | I20: =D20/G20 -> 0.4234609 | J20: =E20/G20 -> 0.20715474 | K20: =F20/G20 -> 0.36938436 | L20: =E20/D20 -> 0.4891945 | M20: =F20/(D20+E20) -> 0.58575198 | N20: =G20/G$35 -> 0.031719968 | O20: =SUMIF('Full 1801-31 data set'!$D$4:$D$484,19,'Full 1801-31 data set'!Z$4:Z$484) -> 10606 | P20: =SUMIF('Full 1801-31 data set'!$D$4:$D$484,19,'Full 1801-31 data set'!AA$4:AA$484) -> 12194 | Q20: =SUMIF('Full 1801-31 data set'!$D$4:$D$484,19,'Full 1801-31 data set'!AB$4:AB$484) -> 13222 | R20: =O20/G20 -> 0.98040303 | S20: =P20/O20 -> 1.1497266 | T20: =Q20/P20 -> 1.0843038 | U20: =Q20/G20 -> 1.2222222 | V20: =0.6*O20+0.4*P20 -> 11241.2 | W20: =SUMIF('Full 1801-31 data set'!$D$4:$D$484,19,'Full 1801-31 data set'!AH$4:AH$484) -> 44273 | X20: =W20/V20 -> 3.9384585 | Y20: =X20/X$35 -> 0.8374777
A21: Ottery | B21: =SUMIF('Full 1801-31 data set'!$D$4:$D$484,20,'Full 1801-31 data set'!M$4:M$484) -> 513 | C21: =SUMIF('Full 1801-31 data set'!$D$4:$D$484,20,'Full 1801-31 data set'!N$4:N$484) -> 746 | D21: =SUMIF('Full 1801-31 data set'!$D$4:$D$484,20,'Full 1801-31 data set'!O$4:O$484) -> 1530 | E21: =SUMIF('Full 1801-31 data set'!$D$4:$D$484,20,'Full 1801-31 data set'!P$4:P$484) -> 645 | F21: =SUMIF('Full 1801-31 data set'!$D$4:$D$484,20,'Full 1801-31 data set'!Q$4:Q$484) -> 240 | G21: =SUMIF('Full 1801-31 data set'!$D$4:$D$484,20,'Full 1801-31 data set'!R$4:R$484) -> 2415 | H21: =G21/C21 -> 3.2372654 | I21: =D21/G21 -> 0.63354037 | J21: =E21/G21 -> 0.26708075 | K21: =F21/G21 -> 0.099378882 | L21: =E21/D21 -> 0.42156863 | M21: =F21/(D21+E21) -> 0.11034483 | N21: =G21/G$35 -> 0.0070811354 | O21: =SUMIF('Full 1801-31 data set'!$D$4:$D$484,20,'Full 1801-31 data set'!Z$4:Z$484) -> 2880 | P21: =SUMIF('Full 1801-31 data set'!$D$4:$D$484,20,'Full 1801-31 data set'!AA$4:AA$484) -> 3522 | Q21: =SUMIF('Full 1801-31 data set'!$D$4:$D$484,20,'Full 1801-31 data set'!AB$4:AB$484) -> 3849 | R21: =O21/G21 -> 1.1925466 | S21: =P21/O21 -> 1.2229167 | T21: =Q21/P21 -> 1.092845 | U21: =Q21/G21 -> 1.5937888 | V21: =0.6*O21+0.4*P21 -> 3136.8 | W21: =SUMIF('Full 1801-31 data set'!$D$4:$D$484,20,'Full 1801-31 data set'!AH$4:AH$484) -> 17682 | X21: =W21/V21 -> 5.6369549 | Y21: =X21/X$35 -> 1.1986476
A22: Plympton | B22: =SUMIF('Full 1801-31 data set'!$D$4:$D$484,21,'Full 1801-31 data set'!M$4:M$484) -> 1149 | C22: =SUMIF('Full 1801-31 data set'!$D$4:$D$484,21,'Full 1801-31 data set'!N$4:N$484) -> 1382 | D22: =SUMIF('Full 1801-31 data set'!$D$4:$D$484,21,'Full 1801-31 data set'!O$4:O$484) -> 1360 | E22: =SUMIF('Full 1801-31 data set'!$D$4:$D$484,21,'Full 1801-31 data set'!P$4:P$484) -> 622 | F22: =SUMIF('Full 1801-31 data set'!$D$4:$D$484,21,'Full 1801-31 data set'!Q$4:Q$484) -> 4732 | G22: =SUMIF('Full 1801-31 data set'!$D$4:$D$484,21,'Full 1801-31 data set'!R$4:R$484) -> 6714 | H22: =G22/C22 -> 4.8581766 | I22: =D22/G22 -> 0.20256181 | J22: =E22/G22 -> 0.09264224 | K22: =F22/G22 -> 0.70479595 | L22: =E22/D22 -> 0.45735294 | M22: =F22/(D22+E22) -> 2.3874874 | N22: =G22/G$35 -> 0.019686436 | O22: =SUMIF('Full 1801-31 data set'!$D$4:$D$484,21,'Full 1801-31 data set'!Z$4:Z$484) -> 7766 | P22: =SUMIF('Full 1801-31 data set'!$D$4:$D$484,21,'Full 1801-31 data set'!AA$4:AA$484) -> 9229 | Q22: =SUMIF('Full 1801-31 data set'!$D$4:$D$484,21,'Full 1801-31 data set'!AB$4:AB$484) -> 9817 | R22: =O22/G22 -> 1.1566875 | S22: =P22/O22 -> 1.1883853 | T22: =Q22/P22 -> 1.0637122 | U22: =Q22/G22 -> 1.4621686 | V22: =0.6*O22+0.4*P22 -> 8351.2 | W22: =SUMIF('Full 1801-31 data set'!$D$4:$D$484,21,'Full 1801-31 data set'!AH$4:AH$484) -> 55204 | X22: =W22/V22 -> 6.6103075 | Y22: =X22/X$35 -> 1.4056223
A23: Roborough | B23: =SUMIF('Full 1801-31 data set'!$D$4:$D$484,22,'Full 1801-31 data set'!M$4:M$484) -> 5726 | C23: =SUMIF('Full 1801-31 data set'!$D$4:$D$484,22,'Full 1801-31 data set'!N$4:N$484) -> 12173 | D23: =SUMIF('Full 1801-31 data set'!$D$4:$D$484,22,'Full 1801-31 data set'!O$4:O$484) -> 3815 | E23: =SUMIF('Full 1801-31 data set'!$D$4:$D$484,22,'Full 1801-31 data set'!P$4:P$484) -> 7921 | F23: =SUMIF('Full 1801-31 data set'!$D$4:$D$484,22,'Full 1801-31 data set'!Q$4:Q$484) -> 39312 | G23: =SUMIF('Full 1801-31 data set'!$D$4:$D$484,22,'Full 1801-31 data set'!R$4:R$484) -> 51048 | H23: =G23/C23 -> 4.1935431 | I23: =D23/G23 -> 0.074733584 | J23: =E23/G23 -> 0.15516769 | K23: =F23/G23 -> 0.77009873 | L23: =E23/D23 -> 2.0762779 | M23: =F23/(D23+E23) -> 3.3496933 | N23: =G23/G$35 -> 0.14968025 | O23: =SUMIF('Full 1801-31 data set'!$D$4:$D$484,22,'Full 1801-31 data set'!Z$4:Z$484) -> 65187 | P23: =SUMIF('Full 1801-31 data set'!$D$4:$D$484,22,'Full 1801-31 data set'!AA$4:AA$484) -> 72012 | Q23: =SUMIF('Full 1801-31 data set'!$D$4:$D$484,22,'Full 1801-31 data set'!AB$4:AB$484) -> 86430 | R23: =O23/G23 -> 1.2769746 | S23: =P23/O23 -> 1.1046988 | T23: =Q23/P23 -> 1.2002166 | U23: =Q23/G23 -> 1.6931124 | V23: =0.6*O23+0.4*P23 -> 67917 | W23: =SUMIF('Full 1801-31 data set'!$D$4:$D$484,22,'Full 1801-31 data set'!AH$4:AH$484) -> 272421 | X23: =W23/V23 -> 4.0110871 | Y23: =X23/X$35 -> 0.85292151
A24: Shebbear | B24: =SUMIF('Full 1801-31 data set'!$D$4:$D$484,23,'Full 1801-31 data set'!M$4:M$484) -> 2594 | C24: =SUMIF('Full 1801-31 data set'!$D$4:$D$484,23,'Full 1801-31 data set'!N$4:N$484) -> 2708 | D24: =SUMIF('Full 1801-31 data set'!$D$4:$D$484,23,'Full 1801-31 data set'!O$4:O$484) -> 5504 | E24: =SUMIF('Full 1801-31 data set'!$D$4:$D$484,23,'Full 1801-31 data set'!P$4:P$484) -> 979 | F24: =SUMIF('Full 1801-31 data set'!$D$4:$D$484,23,'Full 1801-31 data set'!Q$4:Q$484) -> 7852 | G24: =SUMIF('Full 1801-31 data set'!$D$4:$D$484,23,'Full 1801-31 data set'!R$4:R$484) -> 14335 | H24: =G24/C24 -> 5.2935746 | I24: =D24/G24 -> 0.38395535 | J24: =E24/G24 -> 0.068294384 | K24: =F24/G24 -> 0.54775026 | L24: =E24/D24 -> 0.17787064 | M24: =F24/(D24+E24) -> 1.2111677 | N24: =G24/G$35 -> 0.04203233 | O24: =SUMIF('Full 1801-31 data set'!$D$4:$D$484,23,'Full 1801-31 data set'!Z$4:Z$484) -> 15243 | P24: =SUMIF('Full 1801-31 data set'!$D$4:$D$484,23,'Full 1801-31 data set'!AA$4:AA$484) -> 18138 | Q24: =SUMIF('Full 1801-31 data set'!$D$4:$D$484,23,'Full 1801-31 data set'!AB$4:AB$484) -> 20153 | R24: =O24/G24 -> 1.0633415 | S24: =P24/O24 -> 1.1899232 | T24: =Q24/P24 -> 1.1110927 | U24: =Q24/G24 -> 1.4058598 | V24: =0.6*O24+0.4*P24 -> 16401 | W24: =SUMIF('Full 1801-31 data set'!$D$4:$D$484,23,'Full 1801-31 data set'!AH$4:AH$484) -> 63857 | X24: =W24/V24 -> 3.8934821 | Y24: =X24/X$35 -> 0.82791387
A25: Shirwell | B25: =SUMIF('Full 1801-31 data set'!$D$4:$D$484,24,'Full 1801-31 data set'!M$4:M$484) -> 578 | C25: =SUMIF('Full 1801-31 data set'!$D$4:$D$484,24,'Full 1801-31 data set'!N$4:N$484) -> 620 | D25: =SUMIF('Full 1801-31 data set'!$D$4:$D$484,24,'Full 1801-31 data set'!O$4:O$484) -> 1486 | E25: =SUMIF('Full 1801-31 data set'!$D$4:$D$484,24,'Full 1801-31 data set'!P$4:P$484) -> 300 | F25: =SUMIF('Full 1801-31 data set'!$D$4:$D$484,24,'Full 1801-31 data set'!Q$4:Q$484) -> 1355 | G25: =SUMIF('Full 1801-31 data set'!$D$4:$D$484,24,'Full 1801-31 data set'!R$4:R$484) -> 3141 | H25: =G25/C25 -> 5.066129 | I25: =D25/G25 -> 0.47309774 | J25: =E25/G25 -> 0.095510984 | K25: =F25/G25 -> 0.43139128 | L25: =E25/D25 -> 0.20188425 | M25: =F25/(D25+E25) -> 0.75867861 | N25: =G25/G$35 -> 0.0092098743 | O25: =SUMIF('Full 1801-31 data set'!$D$4:$D$484,24,'Full 1801-31 data set'!Z$4:Z$484) -> 3275 | P25: =SUMIF('Full 1801-31 data set'!$D$4:$D$484,24,'Full 1801-31 data set'!AA$4:AA$484) -> 3787 | Q25: =SUMIF('Full 1801-31 data set'!$D$4:$D$484,24,'Full 1801-31 data set'!AB$4:AB$484) -> 4186 | R25: =O25/G25 -> 1.0426616 | S25: =P25/O25 -> 1.1563359 | T25: =Q25/P25 -> 1.1053604 | U25: =Q25/G25 -> 1.3326966 | V25: =0.6*O25+0.4*P25 -> 3479.8 | W25: =SUMIF('Full 1801-31 data set'!$D$4:$D$484,24,'Full 1801-31 data set'!AH$4:AH$484) -> 18918 | X25: =W25/V25 -> 5.4365193 | Y25: =X25/X$35 -> 1.1560268
A26: South Molton | B26: =SUMIF('Full 1801-31 data set'!$D$4:$D$484,25,'Full 1801-31 data set'!M$4:M$484) -> 1907 | C26: =SUMIF('Full 1801-31 data set'!$D$4:$D$484,25,'Full 1801-31 data set'!N$4:N$484) -> 2060 | D26: =SUMIF('Full 1801-31 data set'!$D$4:$D$484,25,'Full 1801-31 data set'!O$4:O$484) -> 4012 | E26: =SUMIF('Full 1801-31 data set'!$D$4:$D$484,25,'Full 1801-31 data set'!P$4:P$484) -> 3345 | F26: =SUMIF('Full 1801-31 data set'!$D$4:$D$484,25,'Full 1801-31 data set'!Q$4:Q$484) -> 2393 | G26: =SUMIF('Full 1801-31 data set'!$D$4:$D$484,25,'Full 1801-31 data set'!R$4:R$484) -> 9750 | H26: =G26/C26 -> 4.7330097 | I26: =D26/G26 -> 0.41148718 | J26: =E26/G26 -> 0.34307692 | K26: =F26/G26 -> 0.2454359 | L26: =E26/D26 -> 0.83374875 | M26: =F26/(D26+E26) -> 0.32526845 | N26: =G26/G$35 -> 0.028588435 | O26: =SUMIF('Full 1801-31 data set'!$D$4:$D$484,25,'Full 1801-31 data set'!Z$4:Z$484) -> 10552 | P26: =SUMIF('Full 1801-31 data set'!$D$4:$D$484,25,'Full 1801-31 data set'!AA$4:AA$484) -> 12201 | Q26: =SUMIF('Full 1801-31 data set'!$D$4:$D$484,25,'Full 1801-31 data set'!AB$4:AB$484) -> 13825 | R26: =O26/G26 -> 1.0822564 | S26: =P26/O26 -> 1.1562737 | T26: =Q26/P26 -> 1.1331038 | U26: =Q26/G26 -> 1.4179487 | V26: =0.6*O26+0.4*P26 -> 11211.6 | W26: =SUMIF('Full 1801-31 data set'!$D$4:$D$484,25,'Full 1801-31 data set'!AH$4:AH$484) -> 51383 | X26: =W26/V26 -> 4.5830212 | Y26: =X26/X$35 -> 0.97453814
A27: Stanborough | B27: =SUMIF('Full 1801-31 data set'!$D$4:$D$484,26,'Full 1801-31 data set'!M$4:M$484) -> 1785 | C27: =SUMIF('Full 1801-31 data set'!$D$4:$D$484,26,'Full 1801-31 data set'!N$4:N$484) -> 1996 | D27: =SUMIF('Full 1801-31 data set'!$D$4:$D$484,26,'Full 1801-31 data set'!O$4:O$484) -> 3986 | E27: =SUMIF('Full 1801-31 data set'!$D$4:$D$484,26,'Full 1801-31 data set'!P$4:P$484) -> 2524 | F27: =SUMIF('Full 1801-31 data set'!$D$4:$D$484,26,'Full 1801-31 data set'!Q$4:Q$484) -> 4230 | G27: =SUMIF('Full 1801-31 data set'!$D$4:$D$484,26,'Full 1801-31 data set'!R$4:R$484) -> 10740 | H27: =G27/C27 -> 5.3807615 | I27: =D27/G27 -> 0.37113594 | J27: =E27/G27 -> 0.23500931 | K27: =F27/G27 -> 0.39385475 | L27: =E27/D27 -> 0.63321626 | M27: =F27/(D27+E27) -> 0.64976959 | N27: =G27/G$35 -> 0.031491261 | O27: =SUMIF('Full 1801-31 data set'!$D$4:$D$484,26,'Full 1801-31 data set'!Z$4:Z$484) -> 12285 | P27: =SUMIF('Full 1801-31 data set'!$D$4:$D$484,26,'Full 1801-31 data set'!AA$4:AA$484) -> 13984 | Q27: =SUMIF('Full 1801-31 data set'!$D$4:$D$484,26,'Full 1801-31 data set'!AB$4:AB$484) -> 14521 | R27: =O27/G27 -> 1.1438547 | S27: =P27/O27 -> 1.1382987 | T27: =Q27/P27 -> 1.038401 | U27: =Q27/G27 -> 1.3520484 | V27: =0.6*O27+0.4*P27 -> 12964.6 | W27: =SUMIF('Full 1801-31 data set'!$D$4:$D$484,26,'Full 1801-31 data set'!AH$4:AH$484) -> 76458 | X27: =W27/V27 -> 5.8974438 | Y27: =X27/X$35 -> 1.2540383
A28: Tavistock | B28: =SUMIF('Full 1801-31 data set'!$D$4:$D$484,27,'Full 1801-31 data set'!M$4:M$484) -> 641 | C28: =SUMIF('Full 1801-31 data set'!$D$4:$D$484,27,'Full 1801-31 data set'!N$4:N$484) -> 981 | D28: =SUMIF('Full 1801-31 data set'!$D$4:$D$484,27,'Full 1801-31 data set'!O$4:O$484) -> 973 | E28: =SUMIF('Full 1801-31 data set'!$D$4:$D$484,27,'Full 1801-31 data set'!P$4:P$484) -> 775 | F28: =SUMIF('Full 1801-31 data set'!$D$4:$D$484,27,'Full 1801-31 data set'!Q$4:Q$484) -> 2642 | G28: =SUMIF('Full 1801-31 data set'!$D$4:$D$484,27,'Full 1801-31 data set'!R$4:R$484) -> 4390 | H28: =G28/C28 -> 4.4750255 | I28: =D28/G28 -> 0.22164009 | J28: =E28/G28 -> 0.17653759 | K28: =F28/G28 -> 0.60182232 | L28: =E28/D28 -> 0.79650565 | M28: =F28/(D28+E28) -> 1.5114416 | N28: =G28/G$35 -> 0.012872126 | O28: =SUMIF('Full 1801-31 data set'!$D$4:$D$484,27,'Full 1801-31 data set'!Z$4:Z$484) -> 5778 | P28: =SUMIF('Full 1801-31 data set'!$D$4:$D$484,27,'Full 1801-31 data set'!AA$4:AA$484) -> 6785 | Q28: =SUMIF('Full 1801-31 data set'!$D$4:$D$484,27,'Full 1801-31 data set'!AB$4:AB$484) -> 6954 | R28: =O28/G28 -> 1.3161731 | S28: =P28/O28 -> 1.1742818 | T28: =Q28/P28 -> 1.0249079 | U28: =Q28/G28 -> 1.5840547 | V28: =0.6*O28+0.4*P28 -> 6180.8 | W28: =SUMIF('Full 1801-31 data set'!$D$4:$D$484,27,'Full 1801-31 data set'!AH$4:AH$484) -> 28515 | X28: =W28/V28 -> 4.6134805 | Y28: =X28/X$35 -> 0.98101503
A29: Teignbridge | B29: =SUMIF('Full 1801-31 data set'!$D$4:$D$484,28,'Full 1801-31 data set'!M$4:M$484) -> 1952 | C29: =SUMIF('Full 1801-31 data set'!$D$4:$D$484,28,'Full 1801-31 data set'!N$4:N$484) -> 2286 | D29: =SUMIF('Full 1801-31 data set'!$D$4:$D$484,28,'Full 1801-31 data set'!O$4:O$484) -> 2863 | E29: =SUMIF('Full 1801-31 data set'!$D$4:$D$484,28,'Full 1801-31 data set'!P$4:P$484) -> 1739 | F29: =SUMIF('Full 1801-31 data set'!$D$4:$D$484,28,'Full 1801-31 data set'!Q$4:Q$484) -> 6535 | G29: =SUMIF('Full 1801-31 data set'!$D$4:$D$484,28,'Full 1801-31 data set'!R$4:R$484) -> 11137 | H29: =G29/C29 -> 4.8718285 | I29: =D29/G29 -> 0.25707102 | J29: =E29/G29 -> 0.15614618 | K29: =F29/G29 -> 0.5867828 | L29: =E29/D29 -> 0.60740482 | M29: =F29/(D29+E29) -> 1.4200348 | N29: =G29/G$35 -> 0.032655323 | O29: =SUMIF('Full 1801-31 data set'!$D$4:$D$484,28,'Full 1801-31 data set'!Z$4:Z$484) -> 11269 | P29: =SUMIF('Full 1801-31 data set'!$D$4:$D$484,28,'Full 1801-31 data set'!AA$4:AA$484) -> 12977 | Q29: =SUMIF('Full 1801-31 data set'!$D$4:$D$484,28,'Full 1801-31 data set'!AB$4:AB$484) -> 14465 | R29: =O29/G29 -> 1.0118524 | S29: =P29/O29 -> 1.1515662 | T29: =Q29/P29 -> 1.1146644 | U29: =Q29/G29 -> 1.2988237 | V29: =0.6*O29+0.4*P29 -> 11952.2 | W29: =SUMIF('Full 1801-31 data set'!$D$4:$D$484,28,'Full 1801-31 data set'!AH$4:AH$484) -> 45251 | X29: =W29/V29 -> 3.7859976 | Y29: =X29/X$35 -> 0.80505825
A30: Tiverton | B30: =SUMIF('Full 1801-31 data set'!$D$4:$D$484,29,'Full 1801-31 data set'!M$4:M$484) -> 1313 | C30: =SUMIF('Full 1801-31 data set'!$D$4:$D$484,29,'Full 1801-31 data set'!N$4:N$484) -> 1498 | D30: =SUMIF('Full 1801-31 data set'!$D$4:$D$484,29,'Full 1801-31 data set'!O$4:O$484) -> 1339 | E30: =SUMIF('Full 1801-31 data set'!$D$4:$D$484,29,'Full 1801-31 data set'!P$4:P$484) -> 1698 | F30: =SUMIF('Full 1801-31 data set'!$D$4:$D$484,29,'Full 1801-31 data set'!Q$4:Q$484) -> 4008 | G30: =SUMIF('Full 1801-31 data set'!$D$4:$D$484,29,'Full 1801-31 data set'!R$4:R$484) -> 7045 | H30: =G30/C30 -> 4.7029372 | I30: =D30/G30 -> 0.19006388 | J30: =E30/G30 -> 0.241022 | K30: =F30/G30 -> 0.56891412 | L30: =E30/D30 -> 1.2681105 | M30: =F30/(D30+E30) -> 1.3197234 | N30: =G30/G$35 -> 0.020656977 | O30: =SUMIF('Full 1801-31 data set'!$D$4:$D$484,29,'Full 1801-31 data set'!Z$4:Z$484) -> 7272 | P30: =SUMIF('Full 1801-31 data set'!$D$4:$D$484,29,'Full 1801-31 data set'!AA$4:AA$484) -> 9247 | Q30: =SUMIF('Full 1801-31 data set'!$D$4:$D$484,29,'Full 1801-31 data set'!AB$4:AB$484) -> 10412 | R30: =O30/G30 -> 1.0322214 | S30: =P30/O30 -> 1.2715897 | T30: =Q30/P30 -> 1.1259868 | U30: =Q30/G30 -> 1.4779276 | V30: =0.6*O30+0.4*P30 -> 8062 | W30: =SUMIF('Full 1801-31 data set'!$D$4:$D$484,29,'Full 1801-31 data set'!AH$4:AH$484) -> 18768 | X30: =W30/V30 -> 2.3279583 | Y30: =X30/X$35 -> 0.49501935
A31: West Budleigh | B31: =SUMIF('Full 1801-31 data set'!$D$4:$D$484,30,'Full 1801-31 data set'!M$4:M$484) -> 530 | C31: =SUMIF('Full 1801-31 data set'!$D$4:$D$484,30,'Full 1801-31 data set'!N$4:N$484) -> 554 | D31: =SUMIF('Full 1801-31 data set'!$D$4:$D$484,30,'Full 1801-31 data set'!O$4:O$484) -> 1899 | E31: =SUMIF('Full 1801-31 data set'!$D$4:$D$484,30,'Full 1801-31 data set'!P$4:P$484) -> 479 | F31: =SUMIF('Full 1801-31 data set'!$D$4:$D$484,30,'Full 1801-31 data set'!Q$4:Q$484) -> 336 | G31: =SUMIF('Full 1801-31 data set'!$D$4:$D$484,30,'Full 1801-31 data set'!R$4:R$484) -> 2714 | H31: =G31/C31 -> 4.898917 | I31: =D31/G31 -> 0.69970523 | J31: =E31/G31 -> 0.17649226 | K31: =F31/G31 -> 0.12380251 | L31: =E31/D31 -> 0.25223802 | M31: =F31/(D31+E31) -> 0.14129521 | N31: =G31/G$35 -> 0.0079578475 | O31: =SUMIF('Full 1801-31 data set'!$D$4:$D$484,30,'Full 1801-31 data set'!Z$4:Z$484) -> 2772 | P31: =SUMIF('Full 1801-31 data set'!$D$4:$D$484,30,'Full 1801-31 data set'!AA$4:AA$484) -> 3038 | Q31: =SUMIF('Full 1801-31 data set'!$D$4:$D$484,30,'Full 1801-31 data set'!AB$4:AB$484) -> 3047 | R31: =O31/G31 -> 1.0213707 | S31: =P31/O31 -> 1.0959596 | T31: =Q31/P31 -> 1.0029625 | U31: =Q31/G31 -> 1.1226971 | V31: =0.6*O31+0.4*P31 -> 2878.4 | W31: =SUMIF('Full 1801-31 data set'!$D$4:$D$484,30,'Full 1801-31 data set'!AH$4:AH$484) -> 18121 | X31: =W31/V31 -> 6.2955114 | Y31: =X31/X$35 -> 1.3386837
A32: Witheridge | B32: =SUMIF('Full 1801-31 data set'!$D$4:$D$484,31,'Full 1801-31 data set'!M$4:M$484) -> 1373 | C32: =SUMIF('Full 1801-31 data set'!$D$4:$D$484,31,'Full 1801-31 data set'!N$4:N$484) -> 1451 | D32: =SUMIF('Full 1801-31 data set'!$D$4:$D$484,31,'Full 1801-31 data set'!O$4:O$484) -> 2677 | E32: =SUMIF('Full 1801-31 data set'!$D$4:$D$484,31,'Full 1801-31 data set'!P$4:P$484) -> 608 | F32: =SUMIF('Full 1801-31 data set'!$D$4:$D$484,31,'Full 1801-31 data set'!Q$4:Q$484) -> 4085 | G32: =SUMIF('Full 1801-31 data set'!$D$4:$D$484,31,'Full 1801-31 data set'!R$4:R$484) -> 7370 | H32: =G32/C32 -> 5.0792557 | I32: =D32/G32 -> 0.36322931 | J32: =E32/G32 -> 0.082496608 | K32: =F32/G32 -> 0.55427408 | L32: =E32/D32 -> 0.22711991 | M32: =F32/(D32+E32) -> 1.2435312 | N32: =G32/G$35 -> 0.021609925 | O32: =SUMIF('Full 1801-31 data set'!$D$4:$D$484,31,'Full 1801-31 data set'!Z$4:Z$484) -> 7749 | P32: =SUMIF('Full 1801-31 data set'!$D$4:$D$484,31,'Full 1801-31 data set'!AA$4:AA$484) -> 8890 | Q32: =SUMIF('Full 1801-31 data set'!$D$4:$D$484,31,'Full 1801-31 data set'!AB$4:AB$484) -> 9567 | R32: =O32/G32 -> 1.0514247 | S32: =P32/O32 -> 1.1472448 | T32: =Q32/P32 -> 1.076153 | U32: =Q32/G32 -> 1.2981004 | V32: =0.6*O32+0.4*P32 -> 8205.4 | W32: =SUMIF('Full 1801-31 data set'!$D$4:$D$484,31,'Full 1801-31 data set'!AH$4:AH$484) -> 48820 | X32: =W32/V32 -> 5.9497404 | Y32: =X32/X$35 -> 1.2651587
A33: Wonford | B33: =SUMIF('Full 1801-31 data set'!$D$4:$D$484,32,'Full 1801-31 data set'!M$4:M$484) -> 6039 | C33: =SUMIF('Full 1801-31 data set'!$D$4:$D$484,32,'Full 1801-31 data set'!N$4:N$484) -> 7873 | D33: =SUMIF('Full 1801-31 data set'!$D$4:$D$484,32,'Full 1801-31 data set'!O$4:O$484) -> 6779 | E33: =SUMIF('Full 1801-31 data set'!$D$4:$D$484,32,'Full 1801-31 data set'!P$4:P$484) -> 8343 | F33: =SUMIF('Full 1801-31 data set'!$D$4:$D$484,32,'Full 1801-31 data set'!Q$4:Q$484) -> 20948 | G33: =SUMIF('Full 1801-31 data set'!$D$4:$D$484,32,'Full 1801-31 data set'!R$4:R$484) -> 36070 | H33: =G33/C33 -> 4.581481 | I33: =D33/G33 -> 0.18794012 | J33: =E33/G33 -> 0.23130025 | K33: =F33/G33 -> 0.58075963 | L33: =E33/D33 -> 1.2307125 | M33: =F33/(D33+E33) -> 1.3852665 | N33: =G33/G$35 -> 0.10576255 | O33: =SUMIF('Full 1801-31 data set'!$D$4:$D$484,32,'Full 1801-31 data set'!Z$4:Z$484) -> 38945 | P33: =SUMIF('Full 1801-31 data set'!$D$4:$D$484,32,'Full 1801-31 data set'!AA$4:AA$484) -> 47034 | Q33: =SUMIF('Full 1801-31 data set'!$D$4:$D$484,32,'Full 1801-31 data set'!AB$4:AB$484) -> 55620 | R33: =O33/G33 -> 1.0797061 | S33: =P33/O33 -> 1.2077032 | T33: =Q33/P33 -> 1.1825488 | U33: =Q33/G33 -> 1.5420017 | V33: =0.6*O33+0.4*P33 -> 42180.6 | W33: =SUMIF('Full 1801-31 data set'!$D$4:$D$484,32,'Full 1801-31 data set'!AH$4:AH$484) -> 168990 | X33: =W33/V33 -> 4.0063441 | Y33: =X33/X$35 -> 0.85191297
A35: Devon total | G35: =SUM(G2:G33) -> 341047 | V35: =SUM(V2:V33) -> 402889.6 | W35: =SUM(W2:W33) -> 1894694 | X35: =W35/V35 -> 4.7027622
A37: A map of the boundaries of all Hundreds in Devon can be found on-line via the visionofbritain.org.uk website (select 'Historical maps' and then 'Boundary maps').

Sheet  Deaneries
A1: Deaneries | B1: Houses | C1: Families | D1: Agric | E1: Mftg | F1: Other | G1: Popn01 | H1: Pop/Fam | I1: Ag/Pop | J1: Ind/Pop | K1: Other/Pop | L1: Ind/Ag | M1: Other/A+I | N1: % of Devon | O1: Popn11 | P1: Popn21 | Q1: Popn31 | R1: Popn11/01 | S1: Popn21/11 | T1: Popn31/21 | U1: Popn31/01 | V1: Popn15 (est) | W1: Prop val 15 | X1: £/cap | Y1: £/cap %Dev
A2: Aylesbeare | B2: =SUMIF('Full 1801-31 data set'!$H$4:$H$484,1,'Full 1801-31 data set'!M$4:M$484) -> 4328 | C2: =SUMIF('Full 1801-31 data set'!$H$4:$H$484,1,'Full 1801-31 data set'!N$4:N$484) -> 4976 | D2: =SUMIF('Full 1801-31 data set'!$H$4:$H$484,1,'Full 1801-31 data set'!O$4:O$484) -> 8625 | E2: =SUMIF('Full 1801-31 data set'!$H$4:$H$484,1,'Full 1801-31 data set'!P$4:P$484) -> 3925 | F2: =SUMIF('Full 1801-31 data set'!$H$4:$H$484,1,'Full 1801-31 data set'!Q$4:Q$484) -> 9248 | G2: =SUMIF('Full 1801-31 data set'!$H$4:$H$484,1,'Full 1801-31 data set'!R$4:R$484) -> 21798 | H2: =G2/C2 -> 4.380627 | I2: =D2/G2 -> 0.3956785 | J2: =E2/G2 -> 0.18006239 | K2: =F2/G2 -> 0.42425911 | L2: =E2/D2 -> 0.45507246 | M2: =F2/(D2+E2) -> 0.73689243 | N2: =G2/G$29 -> 0.063914944 | O2: =SUMIF('Full 1801-31 data set'!$H$4:$H$484,1,'Full 1801-31 data set'!Z$4:Z$484) -> 24205 | P2: =SUMIF('Full 1801-31 data set'!$H$4:$H$484,1,'Full 1801-31 data set'!AA$4:AA$484) -> 29387 | Q2: =SUMIF('Full 1801-31 data set'!$H$4:$H$484,1,'Full 1801-31 data set'!AB$4:AB$484) -> 32381 | R2: =O2/G2 -> 1.110423 | S2: =P2/O2 -> 1.214088 | T2: =Q2/P2 -> 1.1018818 | U2: =Q2/G2 -> 1.4855033 | V2: =0.6*O2+0.4*P2 -> 26277.8 | W2: =SUMIF('Full 1801-31 data set'!$H$4:$H$484,1,'Full 1801-31 data set'!AH$4:AH$484) -> 152028 | X2: =W2/V2 -> 5.7854158 | Y2: =X2/X$29 -> 1.2302165
A3: Barnstaple | B3: =SUMIF('Full 1801-31 data set'!$H$4:$H$484,2,'Full 1801-31 data set'!M$4:M$484) -> 2262 | C3: =SUMIF('Full 1801-31 data set'!$H$4:$H$484,2,'Full 1801-31 data set'!N$4:N$484) -> 2642 | D3: =SUMIF('Full 1801-31 data set'!$H$4:$H$484,2,'Full 1801-31 data set'!O$4:O$484) -> 3996 | E3: =SUMIF('Full 1801-31 data set'!$H$4:$H$484,2,'Full 1801-31 data set'!P$4:P$484) -> 1535 | F3: =SUMIF('Full 1801-31 data set'!$H$4:$H$484,2,'Full 1801-31 data set'!Q$4:Q$484) -> 7404 | G3: =SUMIF('Full 1801-31 data set'!$H$4:$H$484,2,'Full 1801-31 data set'!R$4:R$484) -> 12935 | H3: =G3/C3 -> 4.8959122 | I3: =D3/G3 -> 0.30892926 | J3: =E3/G3 -> 0.11867027 | K3: =F3/G3 -> 0.57240046 | L3: =E3/D3 -> 0.38413413 | M3: =F3/(D3+E3) -> 1.3386368 | N3: =G3/G$29 -> 0.037927324 | O3: =SUMIF('Full 1801-31 data set'!$H$4:$H$484,2,'Full 1801-31 data set'!Z$4:Z$484) -> 14247 | P3: =SUMIF('Full 1801-31 data set'!$H$4:$H$484,2,'Full 1801-31 data set'!AA$4:AA$484) -> 17027 | Q3: =SUMIF('Full 1801-31 data set'!$H$4:$H$484,2,'Full 1801-31 data set'!AB$4:AB$484) -> 20504 | R3: =O3/G3 -> 1.1014302 | S3: =P3/O3 -> 1.1951288 | T3: =Q3/P3 -> 1.2042051 | U3: =Q3/G3 -> 1.5851566 | V3: =0.6*O3+0.4*P3 -> 15359 | W3: =SUMIF('Full 1801-31 data set'!$H$4:$H$484,2,'Full 1801-31 data set'!AH$4:AH$484) -> 62622 | X3: =W3/V3 -> 4.0772186 | Y3: =X3/X$29 -> 0.86698378
A4: Cadbury | B4: =SUMIF('Full 1801-31 data set'!$H$4:$H$484,3,'Full 1801-31 data set'!M$4:M$484) -> 2964 | C4: =SUMIF('Full 1801-31 data set'!$H$4:$H$484,3,'Full 1801-31 data set'!N$4:N$484) -> 3074 | D4: =SUMIF('Full 1801-31 data set'!$H$4:$H$484,3,'Full 1801-31 data set'!O$4:O$484) -> 5731 | E4: =SUMIF('Full 1801-31 data set'!$H$4:$H$484,3,'Full 1801-31 data set'!P$4:P$484) -> 5164 | F4: =SUMIF('Full 1801-31 data set'!$H$4:$H$484,3,'Full 1801-31 data set'!Q$4:Q$484) -> 4202 | G4: =SUMIF('Full 1801-31 data set'!$H$4:$H$484,3,'Full 1801-31 data set'!R$4:R$484) -> 15097 | H4: =G4/C4 -> 4.9111906 | I4: =D4/G4 -> 0.37961184 | J4: =E4/G4 -> 0.34205471 | K4: =F4/G4 -> 0.27833344 | L4: =E4/D4 -> 0.90106439 | M4: =F4/(D4+E4) -> 0.38568151 | N4: =G4/G$29 -> 0.044266626 | O4: =SUMIF('Full 1801-31 data set'!$H$4:$H$484,3,'Full 1801-31 data set'!Z$4:Z$484) -> 15762 | P4: =SUMIF('Full 1801-31 data set'!$H$4:$H$484,3,'Full 1801-31 data set'!AA$4:AA$484) -> 17020 | Q4: =SUMIF('Full 1801-31 data set'!$H$4:$H$484,3,'Full 1801-31 data set'!AB$4:AB$484) -> 18248 | R4: =O4/G4 -> 1.0440485 | S4: =P4/O4 -> 1.0798122 | T4: =Q4/P4 -> 1.0721504 | U4: =Q4/G4 -> 1.208717 | V4: =0.6*O4+0.4*P4 -> 16265.2 | W4: =SUMIF('Full 1801-31 data set'!$H$4:$H$484,3,'Full 1801-31 data set'!AH$4:AH$484) -> 77977 | X4: =W4/V4 -> 4.7941003 | Y4: =X4/X$29 -> 1.0194222
A5: Christianity | B5: =SUMIF('Full 1801-31 data set'!$H$4:$H$484,4,'Full 1801-31 data set'!M$4:M$484) -> 2881 | C5: =SUMIF('Full 1801-31 data set'!$H$4:$H$484,4,'Full 1801-31 data set'!N$4:N$484) -> 4157 | D5: =SUMIF('Full 1801-31 data set'!$H$4:$H$484,4,'Full 1801-31 data set'!O$4:O$484) -> 694 | E5: =SUMIF('Full 1801-31 data set'!$H$4:$H$484,4,'Full 1801-31 data set'!P$4:P$484) -> 4749 | F5: =SUMIF('Full 1801-31 data set'!$H$4:$H$484,4,'Full 1801-31 data set'!Q$4:Q$484) -> 12921 | G5: =SUMIF('Full 1801-31 data set'!$H$4:$H$484,4,'Full 1801-31 data set'!R$4:R$484) -> 18364 | H5: =G5/C5 -> 4.4176089 | I5: =D5/G5 -> 0.037791331 | J5: =E5/G5 -> 0.25860379 | K5: =F5/G5 -> 0.70360488 | L5: =E5/D5 -> 6.8429395 | M5: =F5/(D5+E5) -> 2.3738747 | N5: =G5/G$29 -> 0.053845951 | O5: =SUMIF('Full 1801-31 data set'!$H$4:$H$484,4,'Full 1801-31 data set'!Z$4:Z$484) -> 20020 | P5: =SUMIF('Full 1801-31 data set'!$H$4:$H$484,4,'Full 1801-31 data set'!AA$4:AA$484) -> 24938 | Q5: =SUMIF('Full 1801-31 data set'!$H$4:$H$484,4,'Full 1801-31 data set'!AB$4:AB$484) -> 30600 | R5: =O5/G5 -> 1.0901764 | S5: =P5/O5 -> 1.2456543 | T5: =Q5/P5 -> 1.2270431 | U5: =Q5/G5 -> 1.6663036 | V5: =0.6*O5+0.4*P5 -> 21987.2 | W5: =SUMIF('Full 1801-31 data set'!$H$4:$H$484,4,'Full 1801-31 data set'!AH$4:AH$484) -> 68700 | X5: =W5/V5 -> 3.1245452 | Y5: =X5/X$29 -> 0.66440637
A6: Chulmleigh | B6: =SUMIF('Full 1801-31 data set'!$H$4:$H$484,5,'Full 1801-31 data set'!M$4:M$484) -> 1497 | C6: =SUMIF('Full 1801-31 data set'!$H$4:$H$484,5,'Full 1801-31 data set'!N$4:N$484) -> 1611 | D6: =SUMIF('Full 1801-31 data set'!$H$4:$H$484,5,'Full 1801-31 data set'!O$4:O$484) -> 3115 | E6: =SUMIF('Full 1801-31 data set'!$H$4:$H$484,5,'Full 1801-31 data set'!P$4:P$484) -> 1880 | F6: =SUMIF('Full 1801-31 data set'!$H$4:$H$484,5,'Full 1801-31 data set'!Q$4:Q$484) -> 2930 | G6: =SUMIF('Full 1801-31 data set'!$H$4:$H$484,5,'Full 1801-31 data set'!R$4:R$484) -> 7925 | H6: =G6/C6 -> 4.9193048 | I6: =D6/G6 -> 0.39305994 | J6: =E6/G6 -> 0.23722397 | K6: =F6/G6 -> 0.36971609 | L6: =E6/D6 -> 0.6035313 | M6: =F6/(D6+E6) -> 0.58658659 | N6: =G6/G$29 -> 0.023237266 | O6: =SUMIF('Full 1801-31 data set'!$H$4:$H$484,5,'Full 1801-31 data set'!Z$4:Z$484) -> 7916 | P6: =SUMIF('Full 1801-31 data set'!$H$4:$H$484,5,'Full 1801-31 data set'!AA$4:AA$484) -> 8779 | Q6: =SUMIF('Full 1801-31 data set'!$H$4:$H$484,5,'Full 1801-31 data set'!AB$4:AB$484) -> 9444 | R6: =O6/G6 -> 0.99886435 | S6: =P6/O6 -> 1.1090197 | T6: =Q6/P6 -> 1.0757489 | U6: =Q6/G6 -> 1.1916719 | V6: =0.6*O6+0.4*P6 -> 8261.2 | W6: =SUMIF('Full 1801-31 data set'!$H$4:$H$484,5,'Full 1801-31 data set'!AH$4:AH$484) -> 33712 | X6: =W6/V6 -> 4.0807631 | Y6: =X6/X$29 -> 0.86773749
A7: 'Cornish' parishes | B7: =SUMIF('Full 1801-31 data set'!$H$4:$H$484,26,'Full 1801-31 data set'!M$4:M$484) -> 533 | C7: =SUMIF('Full 1801-31 data set'!$H$4:$H$484,26,'Full 1801-31 data set'!N$4:N$484) -> 644 | D7: =SUMIF('Full 1801-31 data set'!$H$4:$H$484,26,'Full 1801-31 data set'!O$4:O$484) -> 848 | E7: =SUMIF('Full 1801-31 data set'!$H$4:$H$484,26,'Full 1801-31 data set'!P$4:P$484) -> 425 | F7: =SUMIF('Full 1801-31 data set'!$H$4:$H$484,26,'Full 1801-31 data set'!Q$4:Q$484) -> 1860 | G7: =SUMIF('Full 1801-31 data set'!$H$4:$H$484,26,'Full 1801-31 data set'!R$4:R$484) -> 3133 | H7: =G7/C7 -> 4.8649068 | I7: =D7/G7 -> 0.27066709 | J7: =E7/G7 -> 0.13565273 | K7: =F7/G7 -> 0.59368018 | L7: =E7/D7 -> 0.50117925 | M7: =F7/(D7+E7) -> 1.4611155 | N7: =G7/G$29 -> 0.0091864171 | O7: =SUMIF('Full 1801-31 data set'!$H$4:$H$484,26,'Full 1801-31 data set'!Z$4:Z$484) -> 3226 | P7: =SUMIF('Full 1801-31 data set'!$H$4:$H$484,26,'Full 1801-31 data set'!AA$4:AA$484) -> 3196 | Q7: =SUMIF('Full 1801-31 data set'!$H$4:$H$484,26,'Full 1801-31 data set'!AB$4:AB$484) -> 3259 | R7: =O7/G7 -> 1.029684 | S7: =P7/O7 -> 0.99070056 | T7: =Q7/P7 -> 1.0197121 | U7: =Q7/G7 -> 1.040217 | V7: =0.6*O7+0.4*P7 -> 3214 | W7: =SUMIF('Full 1801-31 data set'!$H$4:$H$484,26,'Full 1801-31 data set'!AH$4:AH$484) -> 7146 | X7: =W7/V7 -> 2.2233976 | Y7: =X7/X$29 -> 0.47278547
A8: Dunkeswell | B8: =SUMIF('Full 1801-31 data set'!$H$4:$H$484,6,'Full 1801-31 data set'!M$4:M$484) -> 976 | C8: =SUMIF('Full 1801-31 data set'!$H$4:$H$484,6,'Full 1801-31 data set'!N$4:N$484) -> 1178 | D8: =SUMIF('Full 1801-31 data set'!$H$4:$H$484,6,'Full 1801-31 data set'!O$4:O$484) -> 2435 | E8: =SUMIF('Full 1801-31 data set'!$H$4:$H$484,6,'Full 1801-31 data set'!P$4:P$484) -> 1114 | F8: =SUMIF('Full 1801-31 data set'!$H$4:$H$484,6,'Full 1801-31 data set'!Q$4:Q$484) -> 2285 | G8: =SUMIF('Full 1801-31 data set'!$H$4:$H$484,6,'Full 1801-31 data set'!R$4:R$484) -> 5834 | H8: =G8/C8 -> 4.9524618 | I8: =D8/G8 -> 0.41738087 | J8: =E8/G8 -> 0.19094961 | K8: =F8/G8 -> 0.39166952 | L8: =E8/D8 -> 0.45749487 | M8: =F8/(D8+E8) -> 0.64384334 | N8: =G8/G$29 -> 0.017106147 | O8: =SUMIF('Full 1801-31 data set'!$H$4:$H$484,6,'Full 1801-31 data set'!Z$4:Z$484) -> 5738 | P8: =SUMIF('Full 1801-31 data set'!$H$4:$H$484,6,'Full 1801-31 data set'!AA$4:AA$484) -> 6686 | Q8: =SUMIF('Full 1801-31 data set'!$H$4:$H$484,6,'Full 1801-31 data set'!AB$4:AB$484) -> 6911 | R8: =O8/G8 -> 0.98354474 | S8: =P8/O8 -> 1.1652144 | T8: =Q8/P8 -> 1.0336524 | U8: =Q8/G8 -> 1.1846075 | V8: =0.6*O8+0.4*P8 -> 6117.2 | W8: =SUMIF('Full 1801-31 data set'!$H$4:$H$484,6,'Full 1801-31 data set'!AH$4:AH$484) -> 38772 | X8: =W8/V8 -> 6.3381939 | Y8: =X8/X$29 -> 1.3477598
A9: Dunsford | B9: =SUMIF('Full 1801-31 data set'!$H$4:$H$484,7,'Full 1801-31 data set'!M$4:M$484) -> 1475 | C9: =SUMIF('Full 1801-31 data set'!$H$4:$H$484,7,'Full 1801-31 data set'!N$4:N$484) -> 1673 | D9: =SUMIF('Full 1801-31 data set'!$H$4:$H$484,7,'Full 1801-31 data set'!O$4:O$484) -> 4538 | E9: =SUMIF('Full 1801-31 data set'!$H$4:$H$484,7,'Full 1801-31 data set'!P$4:P$484) -> 561 | F9: =SUMIF('Full 1801-31 data set'!$H$4:$H$484,7,'Full 1801-31 data set'!Q$4:Q$484) -> 3224 | G9: =SUMIF('Full 1801-31 data set'!$H$4:$H$484,7,'Full 1801-31 data set'!R$4:R$484) -> 8323 | H9: =G9/C9 -> 4.9748954 | I9: =D9/G9 -> 0.54523609 | J9: =E9/G9 -> 0.06740358 | K9: =F9/G9 -> 0.38736033 | L9: =E9/D9 -> 0.12362274 | M9: =F9/(D9+E9) -> 0.63228084 | N9: =G9/G$29 -> 0.024404261 | O9: =SUMIF('Full 1801-31 data set'!$H$4:$H$484,7,'Full 1801-31 data set'!Z$4:Z$484) -> 8826 | P9: =SUMIF('Full 1801-31 data set'!$H$4:$H$484,7,'Full 1801-31 data set'!AA$4:AA$484) -> 10376 | Q9: =SUMIF('Full 1801-31 data set'!$H$4:$H$484,7,'Full 1801-31 data set'!AB$4:AB$484) -> 11609 | R9: =O9/G9 -> 1.0604349 | S9: =P9/O9 -> 1.1756175 | T9: =Q9/P9 -> 1.1188319 | U9: =Q9/G9 -> 1.3948096 | V9: =0.6*O9+0.4*P9 -> 9446 | W9: =SUMIF('Full 1801-31 data set'!$H$4:$H$484,7,'Full 1801-31 data set'!AH$4:AH$484) -> 46360 | X9: =W9/V9 -> 4.9078975 | Y9: =X9/X$29 -> 1.0436202
A10: Hartland | B10: =SUMIF('Full 1801-31 data set'!$H$4:$H$484,8,'Full 1801-31 data set'!M$4:M$484) -> 2336 | C10: =SUMIF('Full 1801-31 data set'!$H$4:$H$484,8,'Full 1801-31 data set'!N$4:N$484) -> 2435 | D10: =SUMIF('Full 1801-31 data set'!$H$4:$H$484,8,'Full 1801-31 data set'!O$4:O$484) -> 4111 | E10: =SUMIF('Full 1801-31 data set'!$H$4:$H$484,8,'Full 1801-31 data set'!P$4:P$484) -> 987 | F10: =SUMIF('Full 1801-31 data set'!$H$4:$H$484,8,'Full 1801-31 data set'!Q$4:Q$484) -> 7239 | G10: =SUMIF('Full 1801-31 data set'!$H$4:$H$484,8,'Full 1801-31 data set'!R$4:R$484) -> 12337 | H10: =G10/C10 -> 5.0665298 | I10: =D10/G10 -> 0.33322526 | J10: =E10/G10 -> 0.080003242 | K10: =F10/G10 -> 0.5867715 | L10: =E10/D10 -> 0.24008757 | M10: =F10/(D10+E10) -> 1.4199686 | N10: =G10/G$29 -> 0.0361739 | O10: =SUMIF('Full 1801-31 data set'!$H$4:$H$484,8,'Full 1801-31 data set'!Z$4:Z$484) -> 13504 | P10: =SUMIF('Full 1801-31 data set'!$H$4:$H$484,8,'Full 1801-31 data set'!AA$4:AA$484) -> 16042 | Q10: =SUMIF('Full 1801-31 data set'!$H$4:$H$484,8,'Full 1801-31 data set'!AB$4:AB$484) -> 17684 | R10: =O10/G10 -> 1.0945935 | S10: =P10/O10 -> 1.1879443 | T10: =Q10/P10 -> 1.1023563 | U10: =Q10/G10 -> 1.4334117 | V10: =0.6*O10+0.4*P10 -> 14519.2 | W10: =SUMIF('Full 1801-31 data set'!$H$4:$H$484,8,'Full 1801-31 data set'!AH$4:AH$484) -> 54847 | X10: =W10/V10 -> 3.7775497 | Y10: =X10/X$29 -> 0.8032619
A11: Holsworthy | B11: =SUMIF('Full 1801-31 data set'!$H$4:$H$484,9,'Full 1801-31 data set'!M$4:M$484) -> 1155 | C11: =SUMIF('Full 1801-31 data set'!$H$4:$H$484,9,'Full 1801-31 data set'!N$4:N$484) -> 1339 | D11: =SUMIF('Full 1801-31 data set'!$H$4:$H$484,9,'Full 1801-31 data set'!O$4:O$484) -> 3631 | E11: =SUMIF('Full 1801-31 data set'!$H$4:$H$484,9,'Full 1801-31 data set'!P$4:P$484) -> 372 | F11: =SUMIF('Full 1801-31 data set'!$H$4:$H$484,9,'Full 1801-31 data set'!Q$4:Q$484) -> 2933 | G11: =SUMIF('Full 1801-31 data set'!$H$4:$H$484,9,'Full 1801-31 data set'!R$4:R$484) -> 6936 | H11: =G11/C11 -> 5.1799851 | I11: =D11/G11 -> 0.52350058 | J11: =E11/G11 -> 0.053633218 | K11: =F11/G11 -> 0.42286621 | L11: =E11/D11 -> 0.10245112 | M11: =F11/(D11+E11) -> 0.73270047 | N11: =G11/G$29 -> 0.020337373 | O11: =SUMIF('Full 1801-31 data set'!$H$4:$H$484,9,'Full 1801-31 data set'!Z$4:Z$484) -> 7830 | P11: =SUMIF('Full 1801-31 data set'!$H$4:$H$484,9,'Full 1801-31 data set'!AA$4:AA$484) -> 9370 | Q11: =SUMIF('Full 1801-31 data set'!$H$4:$H$484,9,'Full 1801-31 data set'!AB$4:AB$484) -> 10380 | R11: =O11/G11 -> 1.1288927 | S11: =P11/O11 -> 1.1966794 | T11: =Q11/P11 -> 1.1077908 | U11: =Q11/G11 -> 1.4965398 | V11: =0.6*O11+0.4*P11 -> 8446 | W11: =SUMIF('Full 1801-31 data set'!$H$4:$H$484,9,'Full 1801-31 data set'!AH$4:AH$484) -> 32589 | X11: =W11/V11 -> 3.8585129 | Y11: =X11/X$29 -> 0.82047799
A12: Honiton | B12: =SUMIF('Full 1801-31 data set'!$H$4:$H$484,10,'Full 1801-31 data set'!M$4:M$484) -> 2631 | C12: =SUMIF('Full 1801-31 data set'!$H$4:$H$484,10,'Full 1801-31 data set'!N$4:N$484) -> 2892 | D12: =SUMIF('Full 1801-31 data set'!$H$4:$H$484,10,'Full 1801-31 data set'!O$4:O$484) -> 3880 | E12: =SUMIF('Full 1801-31 data set'!$H$4:$H$484,10,'Full 1801-31 data set'!P$4:P$484) -> 3022 | F12: =SUMIF('Full 1801-31 data set'!$H$4:$H$484,10,'Full 1801-31 data set'!Q$4:Q$484) -> 6960 | G12: =SUMIF('Full 1801-31 data set'!$H$4:$H$484,10,'Full 1801-31 data set'!R$4:R$484) -> 13862 | H12: =G12/C12 -> 4.7932227 | I12: =D12/G12 -> 0.27990189 | J12: =E12/G12 -> 0.21800606 | K12: =F12/G12 -> 0.50209205 | L12: =E12/D12 -> 0.77886598 | M12: =F12/(D12+E12) -> 1.0084034 | N12: =G12/G$29 -> 0.040645424 | O12: =SUMIF('Full 1801-31 data set'!$H$4:$H$484,10,'Full 1801-31 data set'!Z$4:Z$484) -> 14874 | P12: =SUMIF('Full 1801-31 data set'!$H$4:$H$484,10,'Full 1801-31 data set'!AA$4:AA$484) -> 17128 | Q12: =SUMIF('Full 1801-31 data set'!$H$4:$H$484,10,'Full 1801-31 data set'!AB$4:AB$484) -> 18112 | R12: =O12/G12 -> 1.0730053 | S12: =P12/O12 -> 1.1515396 | T12: =Q12/P12 -> 1.0574498 | U12: =Q12/G12 -> 1.3065936 | V12: =0.6*O12+0.4*P12 -> 15775.6 | W12: =SUMIF('Full 1801-31 data set'!$H$4:$H$484,10,'Full 1801-31 data set'!AH$4:AH$484) -> 93373 | X12: =W12/V12 -> 5.918824 | Y12: =X12/X$29 -> 1.2585846
A13: Ipplepen | B13: =SUMIF('Full 1801-31 data set'!$H$4:$H$484,11,'Full 1801-31 data set'!M$4:M$484) -> 2857 | C13: =SUMIF('Full 1801-31 data set'!$H$4:$H$484,11,'Full 1801-31 data set'!N$4:N$484) -> 3577 | D13: =SUMIF('Full 1801-31 data set'!$H$4:$H$484,11,'Full 1801-31 data set'!O$4:O$484) -> 3857 | E13: =SUMIF('Full 1801-31 data set'!$H$4:$H$484,11,'Full 1801-31 data set'!P$4:P$484) -> 2820 | F13: =SUMIF('Full 1801-31 data set'!$H$4:$H$484,11,'Full 1801-31 data set'!Q$4:Q$484) -> 9896 | G13: =SUMIF('Full 1801-31 data set'!$H$4:$H$484,11,'Full 1801-31 data set'!R$4:R$484) -> 16573 | H13: =G13/C13 -> 4.6332122 | I13: =D13/G13 -> 0.23272793 | J13: =E13/G13 -> 0.17015628 | K13: =F13/G13 -> 0.59711579 | L13: =E13/D13 -> 0.73113819 | M13: =F13/(D13+E13) -> 1.4821027 | N13: =G13/G$29 -> 0.048594475 | O13: =SUMIF('Full 1801-31 data set'!$H$4:$H$484,11,'Full 1801-31 data set'!Z$4:Z$484) -> 18148 | P13: =SUMIF('Full 1801-31 data set'!$H$4:$H$484,11,'Full 1801-31 data set'!AA$4:AA$484) -> 19961 | Q13: =SUMIF('Full 1801-31 data set'!$H$4:$H$484,11,'Full 1801-31 data set'!AB$4:AB$484) -> 23045 | R13: =O13/G13 -> 1.0950341 | S13: =P13/O13 -> 1.0999008 | T13: =Q13/P13 -> 1.1545013 | U13: =Q13/G13 -> 1.3905147 | V13: =0.6*O13+0.4*P13 -> 18873.2 | W13: =SUMIF('Full 1801-31 data set'!$H$4:$H$484,11,'Full 1801-31 data set'!AH$4:AH$484) -> 89591 | X13: =W13/V13 -> 4.7469957 | Y13: =X13/X$29 -> 1.0094059
A14: Kenn | B14: =SUMIF('Full 1801-31 data set'!$H$4:$H$484,12,'Full 1801-31 data set'!M$4:M$484) -> 3119 | C14: =SUMIF('Full 1801-31 data set'!$H$4:$H$484,12,'Full 1801-31 data set'!N$4:N$484) -> 3582 | D14: =SUMIF('Full 1801-31 data set'!$H$4:$H$484,12,'Full 1801-31 data set'!O$4:O$484) -> 3282 | E14: =SUMIF('Full 1801-31 data set'!$H$4:$H$484,12,'Full 1801-31 data set'!P$4:P$484) -> 3586 | F14: =SUMIF('Full 1801-31 data set'!$H$4:$H$484,12,'Full 1801-31 data set'!Q$4:Q$484) -> 8867 | G14: =SUMIF('Full 1801-31 data set'!$H$4:$H$484,12,'Full 1801-31 data set'!R$4:R$484) -> 15735 | H14: =G14/C14 -> 4.3927973 | I14: =D14/G14 -> 0.2085796 | J14: =E14/G14 -> 0.22789959 | K14: =F14/G14 -> 0.56352081 | L14: =E14/D14 -> 1.0926264 | M14: =F14/(D14+E14) -> 1.29106 | N14: =G14/G$29 -> 0.046137336 | O14: =SUMIF('Full 1801-31 data set'!$H$4:$H$484,12,'Full 1801-31 data set'!Z$4:Z$484) -> 18148 | P14: =SUMIF('Full 1801-31 data set'!$H$4:$H$484,12,'Full 1801-31 data set'!AA$4:AA$484) -> 22070 | Q14: =SUMIF('Full 1801-31 data set'!$H$4:$H$484,12,'Full 1801-31 data set'!AB$4:AB$484) -> 25586 | R14: =O14/G14 -> 1.1533524 | S14: =P14/O14 -> 1.216112 | T14: =Q14/P14 -> 1.1593113 | U14: =Q14/G14 -> 1.6260566 | V14: =0.6*O14+0.4*P14 -> 19716.8 | W14: =SUMIF('Full 1801-31 data set'!$H$4:$H$484,12,'Full 1801-31 data set'!AH$4:AH$484) -> 94388 | X14: =W14/V14 -> 4.7871866 | Y14: =X14/X$29 -> 1.0179521
A15: Moreton | B15: =SUMIF('Full 1801-31 data set'!$H$4:$H$484,13,'Full 1801-31 data set'!M$4:M$484) -> 2073 | C15: =SUMIF('Full 1801-31 data set'!$H$4:$H$484,13,'Full 1801-31 data set'!N$4:N$484) -> 2408 | D15: =SUMIF('Full 1801-31 data set'!$H$4:$H$484,13,'Full 1801-31 data set'!O$4:O$484) -> 3709 | E15: =SUMIF('Full 1801-31 data set'!$H$4:$H$484,13,'Full 1801-31 data set'!P$4:P$484) -> 1744 | F15: =SUMIF('Full 1801-31 data set'!$H$4:$H$484,13,'Full 1801-31 data set'!Q$4:Q$484) -> 6833 | G15: =SUMIF('Full 1801-31 data set'!$H$4:$H$484,13,'Full 1801-31 data set'!R$4:R$484) -> 12286 | H15: =G15/C15 -> 5.1021595 | I15: =D15/G15 -> 0.30188833 | J15: =E15/G15 -> 0.14195019 | K15: =F15/G15 -> 0.55616148 | L15: =E15/D15 -> 0.4702076 | M15: =F15/(D15+E15) -> 1.2530717 | N15: =G15/G$29 -> 0.03602436 | O15: =SUMIF('Full 1801-31 data set'!$H$4:$H$484,13,'Full 1801-31 data set'!Z$4:Z$484) -> 12527 | P15: =SUMIF('Full 1801-31 data set'!$H$4:$H$484,13,'Full 1801-31 data set'!AA$4:AA$484) -> 14048 | Q15: =SUMIF('Full 1801-31 data set'!$H$4:$H$484,13,'Full 1801-31 data set'!AB$4:AB$484) -> 15563 | R15: =O15/G15 -> 1.0196158 | S15: =P15/O15 -> 1.1214177 | T15: =Q15/P15 -> 1.1078445 | U15: =Q15/G15 -> 1.2667264 | V15: =0.6*O15+0.4*P15 -> 13135.4 | W15: =SUMIF('Full 1801-31 data set'!$H$4:$H$484,13,'Full 1801-31 data set'!AH$4:AH$484) -> 51355 | X15: =W15/V15 -> 3.909664 | Y15: =X15/X$29 -> 0.8313548
A16: Okehampton | B16: =SUMIF('Full 1801-31 data set'!$H$4:$H$484,14,'Full 1801-31 data set'!M$4:M$484) -> 1294 | C16: =SUMIF('Full 1801-31 data set'!$H$4:$H$484,14,'Full 1801-31 data set'!N$4:N$484) -> 1391 | D16: =SUMIF('Full 1801-31 data set'!$H$4:$H$484,14,'Full 1801-31 data set'!O$4:O$484) -> 3002 | E16: =SUMIF('Full 1801-31 data set'!$H$4:$H$484,14,'Full 1801-31 data set'!P$4:P$484) -> 879 | F16: =SUMIF('Full 1801-31 data set'!$H$4:$H$484,14,'Full 1801-31 data set'!Q$4:Q$484) -> 3273 | G16: =SUMIF('Full 1801-31 data set'!$H$4:$H$484,14,'Full 1801-31 data set'!R$4:R$484) -> 7154 | H16: =G16/C16 -> 5.1430625 | I16: =D16/G16 -> 0.41962538 | J16: =E16/G16 -> 0.12286833 | K16: =F16/G16 -> 0.45750629 | L16: =E16/D16 -> 0.2928048 | M16: =F16/(D16+E16) -> 0.84333935 | N16: =G16/G$29 -> 0.020976581 | O16: =SUMIF('Full 1801-31 data set'!$H$4:$H$484,14,'Full 1801-31 data set'!Z$4:Z$484) -> 7843 | P16: =SUMIF('Full 1801-31 data set'!$H$4:$H$484,14,'Full 1801-31 data set'!AA$4:AA$484) -> 9244 | Q16: =SUMIF('Full 1801-31 data set'!$H$4:$H$484,14,'Full 1801-31 data set'!AB$4:AB$484) -> 10157 | R16: =O16/G16 -> 1.0963098 | S16: =P16/O16 -> 1.1786306 | T16: =Q16/P16 -> 1.0987668 | U16: =Q16/G16 -> 1.4197652 | V16: =0.6*O16+0.4*P16 -> 8403.4 | W16: =SUMIF('Full 1801-31 data set'!$H$4:$H$484,14,'Full 1801-31 data set'!AH$4:AH$484) -> 32583 | X16: =W16/V16 -> 3.8773592 | Y16: =X16/X$29 -> 0.82448548
A17: Plympton | B17: =SUMIF('Full 1801-31 data set'!$H$4:$H$484,15,'Full 1801-31 data set'!M$4:M$484) -> 2265 | C17: =SUMIF('Full 1801-31 data set'!$H$4:$H$484,15,'Full 1801-31 data set'!N$4:N$484) -> 2607 | D17: =SUMIF('Full 1801-31 data set'!$H$4:$H$484,15,'Full 1801-31 data set'!O$4:O$484) -> 3851 | E17: =SUMIF('Full 1801-31 data set'!$H$4:$H$484,15,'Full 1801-31 data set'!P$4:P$484) -> 2057 | F17: =SUMIF('Full 1801-31 data set'!$H$4:$H$484,15,'Full 1801-31 data set'!Q$4:Q$484) -> 7572 | G17: =SUMIF('Full 1801-31 data set'!$H$4:$H$484,15,'Full 1801-31 data set'!R$4:R$484) -> 13480 | H17: =G17/C17 -> 5.1706943 | I17: =D17/G17 -> 0.28568249 | J17: =E17/G17 -> 0.15259644 | K17: =F17/G17 -> 0.56172107 | L17: =E17/D17 -> 0.53414697 | M17: =F17/(D17+E17) -> 1.281652 | N17: =G17/G$29 -> 0.039525344 | O17: =SUMIF('Full 1801-31 data set'!$H$4:$H$484,15,'Full 1801-31 data set'!Z$4:Z$484) -> 15229 | P17: =SUMIF('Full 1801-31 data set'!$H$4:$H$484,15,'Full 1801-31 data set'!AA$4:AA$484) -> 18245 | Q17: =SUMIF('Full 1801-31 data set'!$H$4:$H$484,15,'Full 1801-31 data set'!AB$4:AB$484) -> 18972 | R17: =O17/G17 -> 1.1297478 | S17: =P17/O17 -> 1.1980432 | T17: =Q17/P17 -> 1.0398465 | U17: =Q17/G17 -> 1.4074184 | V17: =0.6*O17+0.4*P17 -> 16435.4 | W17: =SUMIF('Full 1801-31 data set'!$H$4:$H$484,15,'Full 1801-31 data set'!AH$4:AH$484) -> 112791 | X17: =W17/V17 -> 6.8626866 | Y17: =X17/X$29 -> 1.4592885
A18: Plymtree | B18: =SUMIF('Full 1801-31 data set'!$H$4:$H$484,16,'Full 1801-31 data set'!M$4:M$484) -> 1839 | C18: =SUMIF('Full 1801-31 data set'!$H$4:$H$484,16,'Full 1801-31 data set'!N$4:N$484) -> 2093 | D18: =SUMIF('Full 1801-31 data set'!$H$4:$H$484,16,'Full 1801-31 data set'!O$4:O$484) -> 2978 | E18: =SUMIF('Full 1801-31 data set'!$H$4:$H$484,16,'Full 1801-31 data set'!P$4:P$484) -> 2212 | F18: =SUMIF('Full 1801-31 data set'!$H$4:$H$484,16,'Full 1801-31 data set'!Q$4:Q$484) -> 4642 | G18: =SUMIF('Full 1801-31 data set'!$H$4:$H$484,16,'Full 1801-31 data set'!R$4:R$484) -> 9832 | H18: =G18/C18 -> 4.6975633 | I18: =D18/G18 -> 0.30288853 | J18: =E18/G18 -> 0.22497966 | K18: =F18/G18 -> 0.47213181 | L18: =E18/D18 -> 0.74278039 | M18: =F18/(D18+E18) -> 0.89441233 | N18: =G18/G$29 -> 0.028828871 | O18: =SUMIF('Full 1801-31 data set'!$H$4:$H$484,16,'Full 1801-31 data set'!Z$4:Z$484) -> 9659 | P18: =SUMIF('Full 1801-31 data set'!$H$4:$H$484,16,'Full 1801-31 data set'!AA$4:AA$484) -> 11051 | Q18: =SUMIF('Full 1801-31 data set'!$H$4:$H$484,16,'Full 1801-31 data set'!AB$4:AB$484) -> 11962 | R18: =O18/G18 -> 0.98240439 | S18: =P18/O18 -> 1.1441143 | T18: =Q18/P18 -> 1.082436 | U18: =Q18/G18 -> 1.2166395 | V18: =0.6*O18+0.4*P18 -> 10215.8 | W18: =SUMIF('Full 1801-31 data set'!$H$4:$H$484,16,'Full 1801-31 data set'!AH$4:AH$484) -> 60865 | X18: =W18/V18 -> 5.9579279 | Y18: =X18/X$29 -> 1.2668997
A19: Shirwell | B19: =SUMIF('Full 1801-31 data set'!$H$4:$H$484,17,'Full 1801-31 data set'!M$4:M$484) -> 2279 | C19: =SUMIF('Full 1801-31 data set'!$H$4:$H$484,17,'Full 1801-31 data set'!N$4:N$484) -> 2445 | D19: =SUMIF('Full 1801-31 data set'!$H$4:$H$484,17,'Full 1801-31 data set'!O$4:O$484) -> 5066 | E19: =SUMIF('Full 1801-31 data set'!$H$4:$H$484,17,'Full 1801-31 data set'!P$4:P$484) -> 844 | F19: =SUMIF('Full 1801-31 data set'!$H$4:$H$484,17,'Full 1801-31 data set'!Q$4:Q$484) -> 5809 | G19: =SUMIF('Full 1801-31 data set'!$H$4:$H$484,17,'Full 1801-31 data set'!R$4:R$484) -> 11719 | H19: =G19/C19 -> 4.793047 | I19: =D19/G19 -> 0.43228944 | J19: =E19/G19 -> 0.072019797 | K19: =F19/G19 -> 0.49569076 | L19: =E19/D19 -> 0.16660087 | M19: =F19/(D19+E19) -> 0.98291032 | N19: =G19/G$29 -> 0.034361833 | O19: =SUMIF('Full 1801-31 data set'!$H$4:$H$484,17,'Full 1801-31 data set'!Z$4:Z$484) -> 12312 | P19: =SUMIF('Full 1801-31 data set'!$H$4:$H$484,17,'Full 1801-31 data set'!AA$4:AA$484) -> 15098 | Q19: =SUMIF('Full 1801-31 data set'!$H$4:$H$484,17,'Full 1801-31 data set'!AB$4:AB$484) -> 17172 | R19: =O19/G19 -> 1.0506016 | S19: =P19/O19 -> 1.2262833 | T19: =Q19/P19 -> 1.1373692 | U19: =Q19/G19 -> 1.4653127 | V19: =0.6*O19+0.4*P19 -> 13426.4 | W19: =SUMIF('Full 1801-31 data set'!$H$4:$H$484,17,'Full 1801-31 data set'!AH$4:AH$484) -> 69759 | X19: =W19/V19 -> 5.1956593 | Y19: =X19/X$29 -> 1.1048101
A20: South Molton | B20: =SUMIF('Full 1801-31 data set'!$H$4:$H$484,18,'Full 1801-31 data set'!M$4:M$484) -> 2326 | C20: =SUMIF('Full 1801-31 data set'!$H$4:$H$484,18,'Full 1801-31 data set'!N$4:N$484) -> 2490 | D20: =SUMIF('Full 1801-31 data set'!$H$4:$H$484,18,'Full 1801-31 data set'!O$4:O$484) -> 4515 | E20: =SUMIF('Full 1801-31 data set'!$H$4:$H$484,18,'Full 1801-31 data set'!P$4:P$484) -> 3559 | F20: =SUMIF('Full 1801-31 data set'!$H$4:$H$484,18,'Full 1801-31 data set'!Q$4:Q$484) -> 4274 | G20: =SUMIF('Full 1801-31 data set'!$H$4:$H$484,18,'Full 1801-31 data set'!R$4:R$484) -> 12348 | H20: =G20/C20 -> 4.9590361 | I20: =D20/G20 -> 0.36564626 | J20: =E20/G20 -> 0.28822481 | K20: =F20/G20 -> 0.34612893 | L20: =E20/D20 -> 0.78826135 | M20: =F20/(D20+E20) -> 0.52935348 | N20: =G20/G$29 -> 0.036206153 | O20: =SUMIF('Full 1801-31 data set'!$H$4:$H$484,18,'Full 1801-31 data set'!Z$4:Z$484) -> 12636 | P20: =SUMIF('Full 1801-31 data set'!$H$4:$H$484,18,'Full 1801-31 data set'!AA$4:AA$484) -> 14580 | Q20: =SUMIF('Full 1801-31 data set'!$H$4:$H$484,18,'Full 1801-31 data set'!AB$4:AB$484) -> 15980 | R20: =O20/G20 -> 1.0233236 | S20: =P20/O20 -> 1.1538462 | T20: =Q20/P20 -> 1.0960219 | U20: =Q20/G20 -> 1.2941367 | V20: =0.6*O20+0.4*P20 -> 13413.6 | W20: =SUMIF('Full 1801-31 data set'!$H$4:$H$484,18,'Full 1801-31 data set'!AH$4:AH$484) -> 72159 | X20: =W20/V20 -> 5.3795402 | Y20: =X20/X$29 -> 1.1439107
A21: Tamerton | B21: =SUMIF('Full 1801-31 data set'!$H$4:$H$484,19,'Full 1801-31 data set'!M$4:M$484) -> 969 | C21: =SUMIF('Full 1801-31 data set'!$H$4:$H$484,19,'Full 1801-31 data set'!N$4:N$484) -> 1057 | D21: =SUMIF('Full 1801-31 data set'!$H$4:$H$484,19,'Full 1801-31 data set'!O$4:O$484) -> 2703 | E21: =SUMIF('Full 1801-31 data set'!$H$4:$H$484,19,'Full 1801-31 data set'!P$4:P$484) -> 516 | F21: =SUMIF('Full 1801-31 data set'!$H$4:$H$484,19,'Full 1801-31 data set'!Q$4:Q$484) -> 2515 | G21: =SUMIF('Full 1801-31 data set'!$H$4:$H$484,19,'Full 1801-31 data set'!R$4:R$484) -> 5734 | H21: =G21/C21 -> 5.4247871 | I21: =D21/G21 -> 0.47139867 | J21: =E21/G21 -> 0.089989536 | K21: =F21/G21 -> 0.43861179 | L21: =E21/D21 -> 0.190899 | M21: =F21/(D21+E21) -> 0.78129854 | N21: =G21/G$29 -> 0.016812932 | O21: =SUMIF('Full 1801-31 data set'!$H$4:$H$484,19,'Full 1801-31 data set'!Z$4:Z$484) -> 7215 | P21: =SUMIF('Full 1801-31 data set'!$H$4:$H$484,19,'Full 1801-31 data set'!AA$4:AA$484) -> 9409 | Q21: =SUMIF('Full 1801-31 data set'!$H$4:$H$484,19,'Full 1801-31 data set'!AB$4:AB$484) -> 9755 | R21: =O21/G21 -> 1.2582839 | S21: =P21/O21 -> 1.3040887 | T21: =Q21/P21 -> 1.0367733 | U21: =Q21/G21 -> 1.7012557 | V21: =0.6*O21+0.4*P21 -> 8092.6 | W21: =SUMIF('Full 1801-31 data set'!$H$4:$H$484,19,'Full 1801-31 data set'!AH$4:AH$484) -> 72443 | X21: =W21/V21 -> 8.9517584 | Y21: =X21/X$29 -> 1.9035107
A22: Tavistock | B22: =SUMIF('Full 1801-31 data set'!$H$4:$H$484,20,'Full 1801-31 data set'!M$4:M$484) -> 1532 | C22: =SUMIF('Full 1801-31 data set'!$H$4:$H$484,20,'Full 1801-31 data set'!N$4:N$484) -> 2035 | D22: =SUMIF('Full 1801-31 data set'!$H$4:$H$484,20,'Full 1801-31 data set'!O$4:O$484) -> 3261 | E22: =SUMIF('Full 1801-31 data set'!$H$4:$H$484,20,'Full 1801-31 data set'!P$4:P$484) -> 1033 | F22: =SUMIF('Full 1801-31 data set'!$H$4:$H$484,20,'Full 1801-31 data set'!Q$4:Q$484) -> 5492 | G22: =SUMIF('Full 1801-31 data set'!$H$4:$H$484,20,'Full 1801-31 data set'!R$4:R$484) -> 9786 | H22: =G22/C22 -> 4.8088452 | I22: =D22/G22 -> 0.33323115 | J22: =E22/G22 -> 0.10555896 | K22: =F22/G22 -> 0.56120989 | L22: =E22/D22 -> 0.316774 | M22: =F22/(D22+E22) -> 1.2789939 | N22: =G22/G$29 -> 0.028693992 | O22: =SUMIF('Full 1801-31 data set'!$H$4:$H$484,20,'Full 1801-31 data set'!Z$4:Z$484) -> 12494 | P22: =SUMIF('Full 1801-31 data set'!$H$4:$H$484,20,'Full 1801-31 data set'!AA$4:AA$484) -> 14515 | Q22: =SUMIF('Full 1801-31 data set'!$H$4:$H$484,20,'Full 1801-31 data set'!AB$4:AB$484) -> 16066 | R22: =O22/G22 -> 1.2767218 | S22: =P22/O22 -> 1.1617576 | T22: =Q22/P22 -> 1.106855 | U22: =Q22/G22 -> 1.6417331 | V22: =0.6*O22+0.4*P22 -> 13302.4 | W22: =SUMIF('Full 1801-31 data set'!$H$4:$H$484,20,'Full 1801-31 data set'!AH$4:AH$484) -> 68242 | X22: =W22/V22 -> 5.1300517 | Y22: =X22/X$29 -> 1.0908593
A23: Three Towns | B23: =SUMIF('Full 1801-31 data set'!$H$4:$H$484,21,'Full 1801-31 data set'!M$4:M$484) -> 4570 | C23: =SUMIF('Full 1801-31 data set'!$H$4:$H$484,21,'Full 1801-31 data set'!N$4:N$484) -> 10846 | D23: =SUMIF('Full 1801-31 data set'!$H$4:$H$484,21,'Full 1801-31 data set'!O$4:O$484) -> 1125 | E23: =SUMIF('Full 1801-31 data set'!$H$4:$H$484,21,'Full 1801-31 data set'!P$4:P$484) -> 7360 | F23: =SUMIF('Full 1801-31 data set'!$H$4:$H$484,21,'Full 1801-31 data set'!Q$4:Q$484) -> 35591 | G23: =SUMIF('Full 1801-31 data set'!$H$4:$H$484,21,'Full 1801-31 data set'!R$4:R$484) -> 44076 | H23: =G23/C23 -> 4.0638023 | I23: =D23/G23 -> 0.025524095 | J23: =E23/G23 -> 0.1669843 | K23: =F23/G23 -> 0.80749161 | L23: =E23/D23 -> 6.5422222 | M23: =F23/(D23+E23) -> 4.1945787 | N23: =G23/G$29 -> 0.12923732 | O23: =SUMIF('Full 1801-31 data set'!$H$4:$H$484,21,'Full 1801-31 data set'!Z$4:Z$484) -> 57034 | P23: =SUMIF('Full 1801-31 data set'!$H$4:$H$484,21,'Full 1801-31 data set'!AA$4:AA$484) -> 62314 | Q23: =SUMIF('Full 1801-31 data set'!$H$4:$H$484,21,'Full 1801-31 data set'!AB$4:AB$484) -> 76706 | R23: =O23/G23 -> 1.2939922 | S23: =P23/O23 -> 1.0925764 | T23: =Q23/P23 -> 1.2309593 | U23: =Q23/G23 -> 1.7403122 | V23: =0.6*O23+0.4*P23 -> 59146 | W23: =SUMIF('Full 1801-31 data set'!$H$4:$H$484,21,'Full 1801-31 data set'!AH$4:AH$484) -> 207637 | X23: =W23/V23 -> 3.510584 | Y23: =X23/X$29 -> 0.74649404
A24: Tiverton | B24: =SUMIF('Full 1801-31 data set'!$H$4:$H$484,22,'Full 1801-31 data set'!M$4:M$484) -> 3378 | C24: =SUMIF('Full 1801-31 data set'!$H$4:$H$484,22,'Full 1801-31 data set'!N$4:N$484) -> 3784 | D24: =SUMIF('Full 1801-31 data set'!$H$4:$H$484,22,'Full 1801-31 data set'!O$4:O$484) -> 5104 | E24: =SUMIF('Full 1801-31 data set'!$H$4:$H$484,22,'Full 1801-31 data set'!P$4:P$484) -> 4983 | F24: =SUMIF('Full 1801-31 data set'!$H$4:$H$484,22,'Full 1801-31 data set'!Q$4:Q$484) -> 7439 | G24: =SUMIF('Full 1801-31 data set'!$H$4:$H$484,22,'Full 1801-31 data set'!R$4:R$484) -> 17526 | H24: =G24/C24 -> 4.6316068 | I24: =D24/G24 -> 0.29122447 | J24: =E24/G24 -> 0.28432044 | K24: =F24/G24 -> 0.4244551 | L24: =E24/D24 -> 0.9762931 | M24: =F24/(D24+E24) -> 0.73748389 | N24: =G24/G$29 -> 0.051388812 | O24: =SUMIF('Full 1801-31 data set'!$H$4:$H$484,22,'Full 1801-31 data set'!Z$4:Z$484) -> 18045 | P24: =SUMIF('Full 1801-31 data set'!$H$4:$H$484,22,'Full 1801-31 data set'!AA$4:AA$484) -> 20798 | Q24: =SUMIF('Full 1801-31 data set'!$H$4:$H$484,22,'Full 1801-31 data set'!AB$4:AB$484) -> 22680 | R24: =O24/G24 -> 1.0296131 | S24: =P24/O24 -> 1.152563 | T24: =Q24/P24 -> 1.0904895 | U24: =Q24/G24 -> 1.2940774 | V24: =0.6*O24+0.4*P24 -> 19146.2 | W24: =SUMIF('Full 1801-31 data set'!$H$4:$H$484,22,'Full 1801-31 data set'!AH$4:AH$484) -> 79076 | X24: =W24/V24 -> 4.1301146 | Y24: =X24/X$29 -> 0.87823164
A25: Torrington | B25: =SUMIF('Full 1801-31 data set'!$H$4:$H$484,23,'Full 1801-31 data set'!M$4:M$484) -> 1863 | C25: =SUMIF('Full 1801-31 data set'!$H$4:$H$484,23,'Full 1801-31 data set'!N$4:N$484) -> 2066 | D25: =SUMIF('Full 1801-31 data set'!$H$4:$H$484,23,'Full 1801-31 data set'!O$4:O$484) -> 4862 | E25: =SUMIF('Full 1801-31 data set'!$H$4:$H$484,23,'Full 1801-31 data set'!P$4:P$484) -> 1022 | F25: =SUMIF('Full 1801-31 data set'!$H$4:$H$484,23,'Full 1801-31 data set'!Q$4:Q$484) -> 5251 | G25: =SUMIF('Full 1801-31 data set'!$H$4:$H$484,23,'Full 1801-31 data set'!R$4:R$484) -> 11135 | H25: =G25/C25 -> 5.3896418 | I25: =D25/G25 -> 0.43664122 | J25: =E25/G25 -> 0.091782667 | K25: =F25/G25 -> 0.47157611 | L25: =E25/D25 -> 0.21020156 | M25: =F25/(D25+E25) -> 0.89242012 | N25: =G25/G$29 -> 0.032649459 | O25: =SUMIF('Full 1801-31 data set'!$H$4:$H$484,23,'Full 1801-31 data set'!Z$4:Z$484) -> 11318 | P25: =SUMIF('Full 1801-31 data set'!$H$4:$H$484,23,'Full 1801-31 data set'!AA$4:AA$484) -> 13425 | Q25: =SUMIF('Full 1801-31 data set'!$H$4:$H$484,23,'Full 1801-31 data set'!AB$4:AB$484) -> 15226 | R25: =O25/G25 -> 1.0164347 | S25: =P25/O25 -> 1.1861636 | T25: =Q25/P25 -> 1.1341527 | U25: =Q25/G25 -> 1.3674001 | V25: =0.6*O25+0.4*P25 -> 12160.8 | W25: =SUMIF('Full 1801-31 data set'!$H$4:$H$484,23,'Full 1801-31 data set'!AH$4:AH$484) -> 44930 | X25: =W25/V25 -> 3.6946582 | Y25: =X25/X$29 -> 0.78563577
A26: Totnes | B26: =SUMIF('Full 1801-31 data set'!$H$4:$H$484,24,'Full 1801-31 data set'!M$4:M$484) -> 2537 | C26: =SUMIF('Full 1801-31 data set'!$H$4:$H$484,24,'Full 1801-31 data set'!N$4:N$484) -> 3446 | D26: =SUMIF('Full 1801-31 data set'!$H$4:$H$484,24,'Full 1801-31 data set'!O$4:O$484) -> 4336 | E26: =SUMIF('Full 1801-31 data set'!$H$4:$H$484,24,'Full 1801-31 data set'!P$4:P$484) -> 4191 | F26: =SUMIF('Full 1801-31 data set'!$H$4:$H$484,24,'Full 1801-31 data set'!Q$4:Q$484) -> 7023 | G26: =SUMIF('Full 1801-31 data set'!$H$4:$H$484,24,'Full 1801-31 data set'!R$4:R$484) -> 15550 | H26: =G26/C26 -> 4.5124782 | I26: =D26/G26 -> 0.27884244 | J26: =E26/G26 -> 0.26951768 | K26: =F26/G26 -> 0.45163987 | L26: =E26/D26 -> 0.96655904 | M26: =F26/(D26+E26) -> 0.82361909 | N26: =G26/G$29 -> 0.045594889 | O26: =SUMIF('Full 1801-31 data set'!$H$4:$H$484,24,'Full 1801-31 data set'!Z$4:Z$484) -> 17122 | P26: =SUMIF('Full 1801-31 data set'!$H$4:$H$484,24,'Full 1801-31 data set'!AA$4:AA$484) -> 19775 | Q26: =SUMIF('Full 1801-31 data set'!$H$4:$H$484,24,'Full 1801-31 data set'!AB$4:AB$484) -> 20685 | R26: =O26/G26 -> 1.1010932 | S26: =P26/O26 -> 1.1549469 | T26: =Q26/P26 -> 1.0460177 | U26: =Q26/G26 -> 1.3302251 | V26: =0.6*O26+0.4*P26 -> 18183.2 | W26: =SUMIF('Full 1801-31 data set'!$H$4:$H$484,24,'Full 1801-31 data set'!AH$4:AH$484) -> 93559 | X26: =W26/V26 -> 5.145354 | Y26: =X26/X$29 -> 1.0941131
A27: Woodleigh | B27: =SUMIF('Full 1801-31 data set'!$H$4:$H$484,25,'Full 1801-31 data set'!M$4:M$484) -> 2023 | C27: =SUMIF('Full 1801-31 data set'!$H$4:$H$484,25,'Full 1801-31 data set'!N$4:N$484) -> 2241 | D27: =SUMIF('Full 1801-31 data set'!$H$4:$H$484,25,'Full 1801-31 data set'!O$4:O$484) -> 3162 | E27: =SUMIF('Full 1801-31 data set'!$H$4:$H$484,25,'Full 1801-31 data set'!P$4:P$484) -> 1571 | F27: =SUMIF('Full 1801-31 data set'!$H$4:$H$484,25,'Full 1801-31 data set'!Q$4:Q$484) -> 6836 | G27: =SUMIF('Full 1801-31 data set'!$H$4:$H$484,25,'Full 1801-31 data set'!R$4:R$484) -> 11569 | H27: =G27/C27 -> 5.1624275 | I27: =D27/G27 -> 0.27331662 | J27: =E27/G27 -> 0.13579393 | K27: =F27/G27 -> 0.59088945 | L27: =E27/D27 -> 0.49683744 | M27: =F27/(D27+E27) -> 1.4443271 | N27: =G27/G$29 -> 0.033922011 | O27: =SUMIF('Full 1801-31 data set'!$H$4:$H$484,25,'Full 1801-31 data set'!Z$4:Z$484) -> 12900 | P27: =SUMIF('Full 1801-31 data set'!$H$4:$H$484,25,'Full 1801-31 data set'!AA$4:AA$484) -> 14575 | Q27: =SUMIF('Full 1801-31 data set'!$H$4:$H$484,25,'Full 1801-31 data set'!AB$4:AB$484) -> 15524 | R27: =O27/G27 -> 1.1150488 | S27: =P27/O27 -> 1.129845 | T27: =Q27/P27 -> 1.0651115 | U27: =Q27/G27 -> 1.3418619 | V27: =0.6*O27+0.4*P27 -> 13570 | W27: =SUMIF('Full 1801-31 data set'!$H$4:$H$484,25,'Full 1801-31 data set'!AH$4:AH$484) -> 77190 | X27: =W27/V27 -> 5.688283 | Y27: =X27/X$29 -> 1.2095621
A29: Devon total | G29: =SUM(G2:G27) -> 341047 | V29: =SUM(V2:V27) -> 402889.6 | W29: =SUM(W2:W27) -> 1894694 | X29: =W29/V29 -> 4.7027622
A31: Deaneries have changed over time. The ones used here are the same as those used by the Devon FHS in its 'Deanery' CDs.

Sheet Modern Districts
A1: Modern Districts | B1: Houses | C1: Families | D1: Agric | E1: Mftg | F1: Other | G1: Popn01 | H1: Pop/Fam | I1: Ag/Pop | J1: Ind/Pop | K1: Other/Pop | L1: Ind/Ag | M1: Other/A+I | N1: % of Devon | O1: Popn11 | P1: Popn21 | Q1: Popn31 | R1: Popn11/01 | S1: Popn21/11 | T1: Popn31/21 | U1: Popn31/01 | V1: Popn15 (est) | W1: Prop val 15 | X1: £/cap | Y1: £/cap %Dev
A2: Exeter | B2: =SUMIF('Full 1801-31 data set'!$J$4:$J$484,1,'Full 1801-31 data set'!M$4:M$484) -> 3946 | C2: =SUMIF('Full 1801-31 data set'!$J$4:$J$484,1,'Full 1801-31 data set'!N$4:N$484) -> 5548 | D2: =SUMIF('Full 1801-31 data set'!$J$4:$J$484,1,'Full 1801-31 data set'!O$4:O$484) -> 1149 | E2: =SUMIF('Full 1801-31 data set'!$J$4:$J$484,1,'Full 1801-31 data set'!P$4:P$484) -> 7254 | F2: =SUMIF('Full 1801-31 data set'!$J$4:$J$484,1,'Full 1801-31 data set'!Q$4:Q$484) -> 16096 | G2: =SUMIF('Full 1801-31 data set'!$J$4:$J$484,1,'Full 1801-31 data set'!R$4:R$484) -> 24499 | H2: =G2/C2 -> 4.4158255 | I2: =D2/G2 -> 0.046899873 | J2: =E2/G2 -> 0.29609372 | K2: =F2/G2 -> 0.65700641 | L2: =E2/D2 -> 6.3133159 | M2: =F2/(D2+E2) -> 1.9155064 | N2: =G2/'Full 1801-31 data set'!R$488 -> 0.071168578 | O2: =SUMIF('Full 1801-31 data set'!$J$4:$J$484,1,'Full 1801-31 data set'!Z$4:Z$484) -> 26752 | P2: =SUMIF('Full 1801-31 data set'!$J$4:$J$484,1,'Full 1801-31 data set'!AA$4:AA$484) -> 32886 | Q2: =SUMIF('Full 1801-31 data set'!$J$4:$J$484,1,'Full 1801-31 data set'!AB$4:AB$484) -> 39740 | R2: =O2/G2 -> 1.0919629 | S2: =P2/O2 -> 1.2292913 | T2: =Q2/P2 -> 1.208417 | U2: =Q2/G2 -> 1.622107 | V2: =0.6*O2+0.4*P2 -> 29205.6 | W2: =SUMIF('Full 1801-31 data set'!$J$4:$J$484,1,'Full 1801-31 data set'!AH$4:AH$484) -> 99481 | X2: =W2/V2 -> 3.4062303 | Y2: =X2/'Full 1801-31 data set'!AI$488 -> 0.72383868
A3: Plymouth | B3: =SUMIF('Full 1801-31 data set'!$J$4:$J$484,2,'Full 1801-31 data set'!M$4:M$484) -> 4977 | C3: =SUMIF('Full 1801-31 data set'!$J$4:$J$484,2,'Full 1801-31 data set'!N$4:N$484) -> 11354 | D3: =SUMIF('Full 1801-31 data set'!$J$4:$J$484,2,'Full 1801-31 data set'!O$4:O$484) -> 1483 | E3: =SUMIF('Full 1801-31 data set'!$J$4:$J$484,2,'Full 1801-31 data set'!P$4:P$484) -> 7574 | F3: =SUMIF('Full 1801-31 data set'!$J$4:$J$484,2,'Full 1801-31 data set'!Q$4:Q$484) -> 37363 | G3: =SUMIF('Full 1801-31 data set'!$J$4:$J$484,2,'Full 1801-31 data set'!R$4:R$484) -> 46420 | H3: =G3/C3 -> 4.088427 | I3: =D3/G3 -> 0.031947436 | J3: =E3/G3 -> 0.16316243 | K3: =F3/G3 -> 0.80489013 | L3: =E3/D3 -> 5.1072151 | M3: =F3/(D3+E3) -> 4.1253174 | N3: =G3/'Full 1801-31 data set'!R$488 -> 0.13484817 | O3: =SUMIF('Full 1801-31 data set'!$J$4:$J$484,2,'Full 1801-31 data set'!Z$4:Z$484) -> 59970 | P3: =SUMIF('Full 1801-31 data set'!$J$4:$J$484,2,'Full 1801-31 data set'!AA$4:AA$484) -> 66003 | Q3: =SUMIF('Full 1801-31 data set'!$J$4:$J$484,2,'Full 1801-31 data set'!AB$4:AB$484) -> 80911 | R3: =O3/G3 -> 1.2919 | S3: =P3/O3 -> 1.1006003 | T3: =Q3/P3 -> 1.2258685 | U3: =Q3/G3 -> 1.7430202 | V3: =0.6*O3+0.4*P3 -> 62383.2 | W3: =SUMIF('Full 1801-31 data set'!$J$4:$J$484,2,'Full 1801-31 data set'!AH$4:AH$484) -> 226488 | X3: =W3/V3 -> 3.6305929 | Y3: =X3/'Full 1801-31 data set'!AI$488 -> 0.77151669
A4: Torbay | B4: =SUMIF('Full 1801-31 data set'!$J$4:$J$484,3,'Full 1801-31 data set'!M$4:M$484) -> 1449 | C4: =SUMIF('Full 1801-31 data set'!$J$4:$J$484,3,'Full 1801-31 data set'!N$4:N$484) -> 1799 | D4: =SUMIF('Full 1801-31 data set'!$J$4:$J$484,3,'Full 1801-31 data set'!O$4:O$484) -> 1333 | E4: =SUMIF('Full 1801-31 data set'!$J$4:$J$484,3,'Full 1801-31 data set'!P$4:P$484) -> 1231 | F4: =SUMIF('Full 1801-31 data set'!$J$4:$J$484,3,'Full 1801-31 data set'!Q$4:Q$484) -> 5278 | G4: =SUMIF('Full 1801-31 data set'!$J$4:$J$484,3,'Full 1801-31 data set'!R$4:R$484) -> 7842 | H4: =G4/C4 -> 4.3590884 | I4: =D4/G4 -> 0.16998215 | J4: =E4/G4 -> 0.15697526 | K4: =F4/G4 -> 0.67304259 | L4: =E4/D4 -> 0.92348087 | M4: =F4/(D4+E4) -> 2.0585023 | N4: =G4/'Full 1801-31 data set'!R$488 -> 0.022780684 | O4: =SUMIF('Full 1801-31 data set'!$J$4:$J$484,3,'Full 1801-31 data set'!Z$4:Z$484) -> 9221 | P4: =SUMIF('Full 1801-31 data set'!$J$4:$J$484,3,'Full 1801-31 data set'!AA$4:AA$484) -> 10235 | Q4: =SUMIF('Full 1801-31 data set'!$J$4:$J$484,3,'Full 1801-31 data set'!AB$4:AB$484) -> 12747 | R4: =O4/G4 -> 1.175848 | S4: =P4/O4 -> 1.1099664 | T4: =Q4/P4 -> 1.2454323 | U4: =Q4/G4 -> 1.6254782 | V4: =0.6*O4+0.4*P4 -> 9626.6 | W4: =SUMIF('Full 1801-31 data set'!$J$4:$J$484,3,'Full 1801-31 data set'!AH$4:AH$484) -> 36570 | X4: =W4/V4 -> 3.798849 | Y4: =X4/'Full 1801-31 data set'!AI$488 -> 0.80727185
A5: South Hams | B5: =SUMIF('Full 1801-31 data set'!$J$4:$J$484,4,'Full 1801-31 data set'!M$4:M$484) -> 7023 | C5: =SUMIF('Full 1801-31 data set'!$J$4:$J$484,4,'Full 1801-31 data set'!N$4:N$484) -> 8542 | D5: =SUMIF('Full 1801-31 data set'!$J$4:$J$484,4,'Full 1801-31 data set'!O$4:O$484) -> 12383 | E5: =SUMIF('Full 1801-31 data set'!$J$4:$J$484,4,'Full 1801-31 data set'!P$4:P$484) -> 7452 | F5: =SUMIF('Full 1801-31 data set'!$J$4:$J$484,4,'Full 1801-31 data set'!Q$4:Q$484) -> 22255 | G5: =SUMIF('Full 1801-31 data set'!$J$4:$J$484,4,'Full 1801-31 data set'!R$4:R$484) -> 42090 | H5: =G5/C5 -> 4.9274175 | I5: =D5/G5 -> 0.2942029 | J5: =E5/G5 -> 0.17704918 | K5: =F5/G5 -> 0.52874792 | L5: =E5/D5 -> 0.60179278 | M5: =F5/(D5+E5) -> 1.1220066 | N5: =G5/'Full 1801-31 data set'!R$488 -> 0.1222697 | O5: =SUMIF('Full 1801-31 data set'!$J$4:$J$484,4,'Full 1801-31 data set'!Z$4:Z$484) -> 46205 | P5: =SUMIF('Full 1801-31 data set'!$J$4:$J$484,4,'Full 1801-31 data set'!AA$4:AA$484) -> 53148 | Q5: =SUMIF('Full 1801-31 data set'!$J$4:$J$484,4,'Full 1801-31 data set'!AB$4:AB$484) -> 55168 | R5: =O5/G5 -> 1.0977667 | S5: =P5/O5 -> 1.1502651 | T5: =Q5/P5 -> 1.0380071 | U5: =Q5/G5 -> 1.3107151 | V5: =0.6*O5+0.4*P5 -> 48982.2 | W5: =SUMIF('Full 1801-31 data set'!$J$4:$J$484,4,'Full 1801-31 data set'!AH$4:AH$484) -> 303921 | X5: =W5/V5 -> 6.2047233 | Y5: =X5/'Full 1801-31 data set'!AI$488 -> 1.3185306
A6: Teignbridge | B6: =SUMIF('Full 1801-31 data set'!$J$4:$J$484,5,'Full 1801-31 data set'!M$4:M$484) -> 6291 | C6: =SUMIF('Full 1801-31 data set'!$J$4:$J$484,5,'Full 1801-31 data set'!N$4:N$484) -> 7284 | D6: =SUMIF('Full 1801-31 data set'!$J$4:$J$484,5,'Full 1801-31 data set'!O$4:O$484) -> 9899 | E6: =SUMIF('Full 1801-31 data set'!$J$4:$J$484,5,'Full 1801-31 data set'!P$4:P$484) -> 5413 | F6: =SUMIF('Full 1801-31 data set'!$J$4:$J$484,5,'Full 1801-31 data set'!Q$4:Q$484) -> 19487 | G6: =SUMIF('Full 1801-31 data set'!$J$4:$J$484,5,'Full 1801-31 data set'!R$4:R$484) -> 34799 | H6: =G6/C6 -> 4.7774574 | I6: =D6/G6 -> 0.2844622 | J6: =E6/G6 -> 0.15555045 | K6: =F6/G6 -> 0.55998736 | L6: =E6/D6 -> 0.54682291 | M6: =F6/(D6+E6) -> 1.272662 | N6: =G6/'Full 1801-31 data set'!R$488 -> 0.10108965 | O6: =SUMIF('Full 1801-31 data set'!$J$4:$J$484,5,'Full 1801-31 data set'!Z$4:Z$484) -> 37733 | P6: =SUMIF('Full 1801-31 data set'!$J$4:$J$484,5,'Full 1801-31 data set'!AA$4:AA$484) -> 43785 | Q6: =SUMIF('Full 1801-31 data set'!$J$4:$J$484,5,'Full 1801-31 data set'!AB$4:AB$484) -> 48946 | R6: =O6/G6 -> 1.0843128 | S6: =P6/O6 -> 1.1603901 | T6: =Q6/P6 -> 1.1178714 | U6: =Q6/G6 -> 1.4065347 | V6: =0.6*O6+0.4*P6 -> 40153.8 | W6: =SUMIF('Full 1801-31 data set'!$J$4:$J$484,5,'Full 1801-31 data set'!AH$4:AH$484) -> 180667 | X6: =W6/V6 -> 4.4993749 | Y6: =X6/'Full 1801-31 data set'!AI$488 -> 0.95613663
A7: East Devon (incl post-1801 parishes) | B7: =SUMIF('Full 1801-31 data set'!$J$4:$J$484,6,'Full 1801-31 data set'!M$4:M$484) -> 7456 | C7: =SUMIF('Full 1801-31 data set'!$J$4:$J$484,6,'Full 1801-31 data set'!N$4:N$484) -> 8338 | D7: =SUMIF('Full 1801-31 data set'!$J$4:$J$484,6,'Full 1801-31 data set'!O$4:O$484) -> 15205 | E7: =SUMIF('Full 1801-31 data set'!$J$4:$J$484,6,'Full 1801-31 data set'!P$4:P$484) -> 6880 | F7: =SUMIF('Full 1801-31 data set'!$J$4:$J$484,6,'Full 1801-31 data set'!Q$4:Q$484) -> 16648 | G7: =SUMIF('Full 1801-31 data set'!$J$4:$J$484,6,'Full 1801-31 data set'!R$4:R$484) -> 41925 | H7: =G7/C7 -> 5.0281842 | I7: =D7/G7 -> 0.36267144 | J7: =E7/G7 -> 0.16410256 | K7: =F7/G7 -> 0.39709004 | L7: =E7/D7 -> 0.45248274 | M7: =F7/(D7+E7) -> 0.75381481 | N7: =G7/'Full 1801-31 data set'!R$488 -> 0.12179038 | O7: =SUMIF('Full 1801-31 data set'!$J$4:$J$484,6,'Full 1801-31 data set'!Z$4:Z$484) -> 45294 | P7: =SUMIF('Full 1801-31 data set'!$J$4:$J$484,6,'Full 1801-31 data set'!AA$4:AA$484) -> 53556 | Q7: =SUMIF('Full 1801-31 data set'!$J$4:$J$484,6,'Full 1801-31 data set'!AB$4:AB$484) -> 57991 | R7: =O7/G7 -> 1.0803578 | S7: =P7/O7 -> 1.1824083 | T7: =Q7/P7 -> 1.0828105 | U7: =Q7/G7 -> 1.3832081 | V7: =0.6*O7+0.4*P7 -> 48598.8 | W7: =SUMIF('Full 1801-31 data set'!$J$4:$J$484,6,'Full 1801-31 data set'!AH$4:AH$484) -> 307204 | X7: =W7/V7 -> 6.321226 | Y7: =X7/'Full 1801-31 data set'!AI$488 -> 1.3432879
A8: Mid Devon | B8: =SUMIF('Full 1801-31 data set'!$J$4:$J$484,7,'Full 1801-31 data set'!M$4:M$484) -> 9032 | C8: =SUMIF('Full 1801-31 data set'!$J$4:$J$484,7,'Full 1801-31 data set'!N$4:N$484) -> 9912 | D8: =SUMIF('Full 1801-31 data set'!$J$4:$J$484,7,'Full 1801-31 data set'!O$4:O$484) -> 15857 | E8: =SUMIF('Full 1801-31 data set'!$J$4:$J$484,7,'Full 1801-31 data set'!P$4:P$484) -> 13527 | F8: =SUMIF('Full 1801-31 data set'!$J$4:$J$484,7,'Full 1801-31 data set'!Q$4:Q$484) -> 17801 | G8: =SUMIF('Full 1801-31 data set'!$J$4:$J$484,7,'Full 1801-31 data set'!R$4:R$484) -> 47185 | H8: =G8/C8 -> 4.7603914 | I8: =D8/G8 -> 0.33606019 | J8: =E8/G8 -> 0.28668009 | K8: =F8/G8 -> 0.37725972 | L8: =E8/D8 -> 0.85306174 | M8: =F8/(D8+E8) -> 0.60580588 | N8: =G8/'Full 1801-31 data set'!R$488 -> 0.13707047 | O8: =SUMIF('Full 1801-31 data set'!$J$4:$J$484,7,'Full 1801-31 data set'!Z$4:Z$484) -> 48336 | P8: =SUMIF('Full 1801-31 data set'!$J$4:$J$484,7,'Full 1801-31 data set'!AA$4:AA$484) -> 54316 | Q8: =SUMIF('Full 1801-31 data set'!$J$4:$J$484,7,'Full 1801-31 data set'!AB$4:AB$484) -> 58544 | R8: =O8/G8 -> 1.0243933 | S8: =P8/O8 -> 1.1237173 | T8: =Q8/P8 -> 1.0778408 | U8: =Q8/G8 -> 1.2407333 | V8: =0.6*O8+0.4*P8 -> 50728 | W8: =SUMIF('Full 1801-31 data set'!$J$4:$J$484,7,'Full 1801-31 data set'!AH$4:AH$484) -> 226923 | X8: =W8/V8 -> 4.4733283 | Y8: =X8/'Full 1801-31 data set'!AI$488 -> 0.95060163
A9: West Devon | B9: =SUMIF('Full 1801-31 data set'!$J$4:$J$484,8,'Full 1801-31 data set'!M$4:M$484) -> 4638 | C9: =SUMIF('Full 1801-31 data set'!$J$4:$J$484,8,'Full 1801-31 data set'!N$4:N$484) -> 5383 | D9: =SUMIF('Full 1801-31 data set'!$J$4:$J$484,8,'Full 1801-31 data set'!O$4:O$484) -> 11689 | E9: =SUMIF('Full 1801-31 data set'!$J$4:$J$484,8,'Full 1801-31 data set'!P$4:P$484) -> 3050 | F9: =SUMIF('Full 1801-31 data set'!$J$4:$J$484,8,'Full 1801-31 data set'!Q$4:Q$484) -> 12347 | G9: =SUMIF('Full 1801-31 data set'!$J$4:$J$484,8,'Full 1801-31 data set'!R$4:R$484) -> 27086 | H9: =G9/C9 -> 5.0317667 | I9: =D9/G9 -> 0.43155135 | J9: =E9/G9 -> 0.1126043 | K9: =F9/G9 -> 0.45584435 | L9: =E9/D9 -> 0.26092908 | M9: =F9/(D9+E9) -> 0.83770948 | N9: =G9/'Full 1801-31 data set'!R$488 -> 0.078683705 | O9: =SUMIF('Full 1801-31 data set'!$J$4:$J$484,8,'Full 1801-31 data set'!Z$4:Z$484) -> 31786 | P9: =SUMIF('Full 1801-31 data set'!$J$4:$J$484,8,'Full 1801-31 data set'!AA$4:AA$484) -> 37916 | Q9: =SUMIF('Full 1801-31 data set'!$J$4:$J$484,8,'Full 1801-31 data set'!AB$4:AB$484) -> 41474 | R9: =O9/G9 -> 1.1735214 | S9: =P9/O9 -> 1.1928522 | T9: =Q9/P9 -> 1.093839 | U9: =Q9/G9 -> 1.5311969 | V9: =0.6*O9+0.4*P9 -> 34238 | W9: =SUMIF('Full 1801-31 data set'!$J$4:$J$484,8,'Full 1801-31 data set'!AH$4:AH$484) -> 185421 | X9: =W9/V9 -> 5.4156493 | Y9: =X9/'Full 1801-31 data set'!AI$488 -> 1.1508489
A10: Torridge | B10: =SUMIF('Full 1801-31 data set'!$J$4:$J$484,9,'Full 1801-31 data set'!M$4:M$484) -> 5652 | C10: =SUMIF('Full 1801-31 data set'!$J$4:$J$484,9,'Full 1801-31 data set'!N$4:N$484) -> 6145 | D10: =SUMIF('Full 1801-31 data set'!$J$4:$J$484,9,'Full 1801-31 data set'!O$4:O$484) -> 13300 | E10: =SUMIF('Full 1801-31 data set'!$J$4:$J$484,9,'Full 1801-31 data set'!P$4:P$484) -> 2434 | F10: =SUMIF('Full 1801-31 data set'!$J$4:$J$484,9,'Full 1801-31 data set'!Q$4:Q$484) -> 16184 | G10: =SUMIF('Full 1801-31 data set'!$J$4:$J$484,9,'Full 1801-31 data set'!R$4:R$484) -> 31918 | H10: =G10/C10 -> 5.1941416 | I10: =D10/G10 -> 0.41669278 | J10: =E10/G10 -> 0.076257911 | K10: =F10/G10 -> 0.50704931 | L10: =E10/D10 -> 0.18300752 | M10: =F10/(D10+E10) -> 1.0286005 | N10: =G10/'Full 1801-31 data set'!R$488 -> 0.092720465 | O10: =SUMIF('Full 1801-31 data set'!$J$4:$J$484,9,'Full 1801-31 data set'!Z$4:Z$484) -> 34293 | P10: =SUMIF('Full 1801-31 data set'!$J$4:$J$484,9,'Full 1801-31 data set'!AA$4:AA$484) -> 40835 | Q10: =SUMIF('Full 1801-31 data set'!$J$4:$J$484,9,'Full 1801-31 data set'!AB$4:AB$484) -> 45358 | R10: =O10/G10 -> 1.0744094 | S10: =P10/O10 -> 1.1907678 | T10: =Q10/P10 -> 1.1107628 | U10: =Q10/G10 -> 1.421079 | V10: =0.6*O10+0.4*P10 -> 36909.8 | W10: =SUMIF('Full 1801-31 data set'!$J$4:$J$484,9,'Full 1801-31 data set'!AH$4:AH$484) -> 138854 | X10: =W10/V10 -> 3.7619819 | Y10: =X10/'Full 1801-31 data set'!AI$488 -> 0.79943743
A11: North Devon | B11: =SUMIF('Full 1801-31 data set'!$J$4:$J$484,10,'Full 1801-31 data set'!M$4:M$484) -> 6684 | C11: =SUMIF('Full 1801-31 data set'!$J$4:$J$484,10,'Full 1801-31 data set'!N$4:N$484) -> 7361 | D11: =SUMIF('Full 1801-31 data set'!$J$4:$J$484,10,'Full 1801-31 data set'!O$4:O$484) -> 12909 | E11: =SUMIF('Full 1801-31 data set'!$J$4:$J$484,10,'Full 1801-31 data set'!P$4:P$484) -> 6274 | F11: =SUMIF('Full 1801-31 data set'!$J$4:$J$484,10,'Full 1801-31 data set'!Q$4:Q$484) -> 16595 | G11: =SUMIF('Full 1801-31 data set'!$J$4:$J$484,10,'Full 1801-31 data set'!R$4:R$484) -> 35778 | H11: =G11/C11 -> 4.8604809 | I11: =D11/G11 -> 0.36080832 | J11: =E11/G11 -> 0.17535916 | K11: =F11/G11 -> 0.46383252 | L11: =E11/D11 -> 0.48601751 | M11: =F11/(D11+E11) -> 0.86508888 | N11: =G11/'Full 1801-31 data set'!R$488 -> 0.1039336 | O11: =SUMIF('Full 1801-31 data set'!$J$4:$J$484,10,'Full 1801-31 data set'!Z$4:Z$484) -> 37800 | P11: =SUMIF('Full 1801-31 data set'!$J$4:$J$484,10,'Full 1801-31 data set'!AA$4:AA$484) -> 45162 | Q11: =SUMIF('Full 1801-31 data set'!$J$4:$J$484,10,'Full 1801-31 data set'!AB$4:AB$484) -> 52073 | R11: =O11/G11 -> 1.0565152 | S11: =P11/O11 -> 1.1947619 | T11: =Q11/P11 -> 1.1530269 | U11: =Q11/G11 -> 1.4554475 | V11: =0.6*O11+0.4*P11 -> 40744.8 | W11: =SUMIF('Full 1801-31 data set'!$J$4:$J$484,10,'Full 1801-31 data set'!AH$4:AH$484) -> 192620 | X11: =W11/V11 -> 4.7274744 | Y11: =X11/'Full 1801-31 data set'!AI$488 -> 1.0046088
A13: Devon (present parishes only) | B13: =SUM(B2:B11) -> 57148 | C13: =SUM(C2:C11) -> 71666 | D13: =SUM(D2:D11) -> 95207 | E13: =SUM(E2:E11) -> 61089 | F13: =SUM(F2:F11) -> 180054 | G13: =SUM(G2:G11) -> 339542 | H13: =G13/C13 -> 4.7378394 | I13: =D13/G13 -> 0.2803983 | J13: =E13/G13 -> 0.17991589 | K13: =F13/G13 -> 0.53028491 | L13: =E13/D13 -> 0.641644 | M13: =F13/(D13+E13) -> 1.1520064 | N13: =G13/'Full 1801-31 data set'!R$488 -> 0.98635541 | O13: =SUM(O2:O11) -> 377390 | P13: =SUM(P2:P11) -> 437842 | Q13: =SUM(Q2:Q11) -> 492952 | R13: =O13/G13 -> 1.1114678 | S13: =P13/O13 -> 1.1601844 | T13: =Q13/P13 -> 1.1258673 | U13: =Q13/G13 -> 1.4518145 | V13: =0.6*O13+0.4*P13 -> 401570.8 | W13: =SUM(W2:W11) -> 1898149 | X13: =W13/V13 -> 4.7268103 | Y13: =X13/'Full 1801-31 data set'!AI$488 -> 1.0044676
A15: Post-1801 (new) parishes only | B15: n/a | C15: n/a | D15: n/a | E15: n/a | F15: n/a | G15: =SUMIF('Full 1801-31 data set'!$D$4:$D$484,99,'Full 1801-31 data set'!R$4:R$484) -> 3192 | H15: n/a | I15: n/a | J15: n/a | K15: n/a | L15: n/a | M15: n/a | N15: =G15/'Full 1801-31 data set'!R$488 -> 0.0092726274 | O15: =SUMIF('Full 1801-31 data set'!$D$4:$D$484,99,'Full 1801-31 data set'!Z$4:Z$484) -> 3430 | P15: =SUMIF('Full 1801-31 data set'!$D$4:$D$484,99,'Full 1801-31 data set'!AA$4:AA$484) -> 3781 | Q15: =SUMIF('Full 1801-31 data set'!$D$4:$D$484,99,'Full 1801-31 data set'!AB$4:AB$484) -> 3883 | R15: =O15/G15 -> 1.0745614 | S15: =P15/O15 -> 1.1023324 | T15: =Q15/P15 -> 1.026977 | U15: =Q15/G15 -> 1.2164787 | V15: =0.6*O15+0.4*P15 -> 3570.4 | W15: =SUMIF('Full 1801-31 data set'!$D$4:$D$484,99,'Full 1801-31 data set'!AH$4:AH$484) -> 18020 | X15: =W15/V15 -> 5.0470536 | Y15: =X15/'Full 1801-31 data set'!AI$488 -> 1.0725207
A16: Parishes no longer in Devon | B16: =SUMIF('Full 1801-31 data set'!$J$4:$J$484,99,'Full 1801-31 data set'!M$4:M$484) -> 814 | C16: =SUMIF('Full 1801-31 data set'!$J$4:$J$484,99,'Full 1801-31 data set'!N$4:N$484) -> 1023 | D16: =SUMIF('Full 1801-31 data set'!$J$4:$J$484,99,'Full 1801-31 data set'!O$4:O$484) -> 1210 | E16: =SUMIF('Full 1801-31 data set'!$J$4:$J$484,99,'Full 1801-31 data set'!P$4:P$484) -> 1022 | F16: =SUMIF('Full 1801-31 data set'!$J$4:$J$484,99,'Full 1801-31 data set'!Q$4:Q$484) -> 2465 | G16: =SUMIF('Full 1801-31 data set'!$J$4:$J$484,99,'Full 1801-31 data set'!R$4:R$484) -> 4697 | H16: =G16/C16 -> 4.5913978 | I16: =D16/G16 -> 0.25761124 | J16: =E16/G16 -> 0.21758569 | K16: =F16/G16 -> 0.52480307 | L16: =E16/D16 -> 0.8446281 | M16: =F16/(D16+E16) -> 1.1043907 | N16: =G16/'Full 1801-31 data set'!R$488 -> 0.01364459 | O16: =SUMIF('Full 1801-31 data set'!$J$4:$J$484,99,'Full 1801-31 data set'!Z$4:Z$484) -> 4818 | P16: =SUMIF('Full 1801-31 data set'!$J$4:$J$484,99,'Full 1801-31 data set'!AA$4:AA$484) -> 4996 | Q16: =SUMIF('Full 1801-31 data set'!$J$4:$J$484,99,'Full 1801-31 data set'!AB$4:AB$484) -> 5142 | R16: =O16/G16 -> 1.0257611 | S16: =P16/O16 -> 1.0369448 | T16: =Q16/P16 -> 1.0292234 | U16: =Q16/G16 -> 1.0947413 | V16: =0.6*O16+0.4*P16 -> 4889.2 | W16: =SUMIF('Full 1801-31 data set'!$J$4:$J$484,99,'Full 1801-31 data set'!AH$4:AH$484) -> 14565 | X16: =W16/V16 -> 2.979015 | Y16: =X16/'Full 1801-31 data set'!AI$488 -> 0.63305357
A17: Devon (including new and former parishes) | B17: =B13+B16 -> 57962 | C17: =C13+C16 -> 72689 | D17: =D13+D16 -> 96417 | E17: =E13+E16 -> 62111 | F17: =F13+F16 -> 182519 | G17: =G13+G16 -> 344239 | H17: =G17/C17 -> 4.7357785 | I17: =D17/G17 -> 0.28008738 | J17: =E17/G17 -> 0.18042988 | K17: =F17/G17 -> 0.53021012 | L17: =E17/D17 -> 0.64419138 | M17: =F17/(D17+E17) -> 1.151336 | N17: =G17/'Full 1801-31 data set'!R$488 -> 1 | O17: =O13+O16 -> 382208 | P17: =P13+P16 -> 442838 | Q17: =Q13+Q16 -> 498094 | R17: =O17/G17 -> 1.1102984 | S17: =P17/O17 -> 1.1586309 | T17: =Q17/P17 -> 1.124777 | U17: =Q17/G17 -> 1.4469424 | V17: =0.6*O17+0.4*P17 -> 406460 | W17: =W13+W16 -> 1912714 | X17: =W17/V17 -> 4.7057865 | Y17: =X17/'Full 1801-31 data set'!AI$488 -> 1
A19: NB: Those data sets marked as 'n/a' are not available for parishes which were not in Devon in 1801, so the equivalent totals for East Devon and Devon are also slightly lower than they should be.

Sheet Vancouver Dictricts
A1: Vancouver's agricultural districts | B1: Houses | C1: Families | D1: Agric | E1: Mftg | F1: Other | G1: Popn01 | H1: Pop/Fam | I1: Ag/Pop | J1: Ind/Pop | K1: Other/Pop | L1: Ind/Ag | M1: Other/A+I | N1: % of Devon | O1: Popn11 | P1: Popn21 | Q1: Popn31 | R1: Popn11/01 | S1: Popn21/11 | T1: Popn31/21 | U1: Popn31/01 | V1: Popn15 (est) | W1: Prop val 15 | X1: £/cap | Y1: £/cap %Dev
A2: Vancouver 1 | B2: =SUMIF('Full 1801-31 data set'!$K$4:$K$484,1,'Full 1801-31 data set'!M$4:M$484) -> 7093 | C2: =SUMIF('Full 1801-31 data set'!$K$4:$K$484,1,'Full 1801-31 data set'!N$4:N$484) -> 7783 | D2: =SUMIF('Full 1801-31 data set'!$K$4:$K$484,1,'Full 1801-31 data set'!O$4:O$484) -> 11998 | E2: =SUMIF('Full 1801-31 data set'!$K$4:$K$484,1,'Full 1801-31 data set'!P$4:P$484) -> 6053 | F2: =SUMIF('Full 1801-31 data set'!$K$4:$K$484,1,'Full 1801-31 data set'!Q$4:Q$484) -> 19399 | G2: =SUMIF('Full 1801-31 data set'!$K$4:$K$484,1,'Full 1801-31 data set'!R$4:R$484) -> 37450 | H2: =G2/C2 -> 4.8117692 | I2: =D2/G2 -> 0.32037383 | J2: =E2/G2 -> 0.16162884 | K2: =F2/G2 -> 0.51799733 | L2: =E2/D2 -> 0.50450075 | M2: =F2/(D2+E2) -> 1.0746773 | N2: =G2/G$11 -> 0.10980891 | O2: =SUMIF('Full 1801-31 data set'!$K$4:$K$484,1,'Full 1801-31 data set'!Z$4:Z$484) -> 39853 | P2: =SUMIF('Full 1801-31 data set'!$K$4:$K$484,1,'Full 1801-31 data set'!AA$4:AA$484) -> 47853 | Q2: =SUMIF('Full 1801-31 data set'!$K$4:$K$484,1,'Full 1801-31 data set'!AB$4:AB$484) -> 55456 | R2: =O2/G2 -> 1.0641656 | S2: =P2/O2 -> 1.2007377 | T2: =Q2/P2 -> 1.1588824 | U2: =Q2/G2 -> 1.4808011 | V2: =0.6*O2+0.4*P2 -> 43053 | W2: =SUMIF('Full 1801-31 data set'!$K$4:$K$484,1,'Full 1801-31 data set'!AH$4:AH$484) -> 189364 | X2: =W2/V2 -> 4.3983927 | Y2: =X2/X$11 -> 0.93527856
A3: Vancouver 2 | B3: =SUMIF('Full 1801-31 data set'!$K$4:$K$484,2,'Full 1801-31 data set'!M$4:M$484) -> 9748 | C3: =SUMIF('Full 1801-31 data set'!$K$4:$K$484,2,'Full 1801-31 data set'!N$4:N$484) -> 10682 | D3: =SUMIF('Full 1801-31 data set'!$K$4:$K$484,2,'Full 1801-31 data set'!O$4:O$484) -> 22896 | E3: =SUMIF('Full 1801-31 data set'!$K$4:$K$484,2,'Full 1801-31 data set'!P$4:P$484) -> 8379 | F3: =SUMIF('Full 1801-31 data set'!$K$4:$K$484,2,'Full 1801-31 data set'!Q$4:Q$484) -> 22772 | G3: =SUMIF('Full 1801-31 data set'!$K$4:$K$484,2,'Full 1801-31 data set'!R$4:R$484) -> 54047 | H3: =G3/C3 -> 5.059633 | I3: =D3/G3 -> 0.42363128 | J3: =E3/G3 -> 0.15503173 | K3: =F3/G3 -> 0.42133698 | L3: =E3/D3 -> 0.36595912 | M3: =F3/(D3+E3) -> 0.7281215 | N3: =G3/G$11 -> 0.15847376 | O3: =SUMIF('Full 1801-31 data set'!$K$4:$K$484,2,'Full 1801-31 data set'!Z$4:Z$484) -> 56930 | P3: =SUMIF('Full 1801-31 data set'!$K$4:$K$484,2,'Full 1801-31 data set'!AA$4:AA$484) -> 65289 | Q3: =SUMIF('Full 1801-31 data set'!$K$4:$K$484,2,'Full 1801-31 data set'!AB$4:AB$484) -> 71099 | R3: =O3/G3 -> 1.0533425 | S3: =P3/O3 -> 1.1468294 | T3: =Q3/P3 -> 1.088989 | U3: =Q3/G3 -> 1.3155032 | V3: =0.6*O3+0.4*P3 -> 60273.6 | W3: =SUMIF('Full 1801-31 data set'!$K$4:$K$484,2,'Full 1801-31 data set'!AH$4:AH$484) -> 256321 | X3: =W3/V3 -> 4.2526247 | Y3: =X3/X$11 -> 0.90428231
A4: Vancouver 3 | B4: =SUMIF('Full 1801-31 data set'!$K$4:$K$484,3,'Full 1801-31 data set'!M$4:M$484) -> 3284 | C4: =SUMIF('Full 1801-31 data set'!$K$4:$K$484,3,'Full 1801-31 data set'!N$4:N$484) -> 3691 | D4: =SUMIF('Full 1801-31 data set'!$K$4:$K$484,3,'Full 1801-31 data set'!O$4:O$484) -> 8539 | E4: =SUMIF('Full 1801-31 data set'!$K$4:$K$484,3,'Full 1801-31 data set'!P$4:P$484) -> 1496 | F4: =SUMIF('Full 1801-31 data set'!$K$4:$K$484,3,'Full 1801-31 data set'!Q$4:Q$484) -> 8954 | G4: =SUMIF('Full 1801-31 data set'!$K$4:$K$484,3,'Full 1801-31 data set'!R$4:R$484) -> 18989 | H4: =G4/C4 -> 5.1446762 | I4: =D4/G4 -> 0.44968139 | J4: =E4/G4 -> 0.078782453 | K4: =F4/G4 -> 0.47153615 | L4: =E4/D4 -> 0.17519616 | M4: =F4/(D4+E4) -> 0.89227703 | N4: =G4/G$11 -> 0.055678543 | O4: =SUMIF('Full 1801-31 data set'!$K$4:$K$484,3,'Full 1801-31 data set'!Z$4:Z$484) -> 21386 | P4: =SUMIF('Full 1801-31 data set'!$K$4:$K$484,3,'Full 1801-31 data set'!AA$4:AA$484) -> 25532 | Q4: =SUMIF('Full 1801-31 data set'!$K$4:$K$484,3,'Full 1801-31 data set'!AB$4:AB$484) -> 28273 | R4: =O4/G4 -> 1.126231 | S4: =P4/O4 -> 1.1938651 | T4: =Q4/P4 -> 1.1073555 | U4: =Q4/G4 -> 1.4889146 | V4: =0.6*O4+0.4*P4 -> 23044.4 | W4: =SUMIF('Full 1801-31 data set'!$K$4:$K$484,3,'Full 1801-31 data set'!AH$4:AH$484) -> 96976 | X4: =W4/V4 -> 4.2082241 | Y4: =X4/X$11 -> 0.89484093
A5: Vancouver 4 | B5: =SUMIF('Full 1801-31 data set'!$K$4:$K$484,4,'Full 1801-31 data set'!M$4:M$484) -> 17586 | C5: =SUMIF('Full 1801-31 data set'!$K$4:$K$484,4,'Full 1801-31 data set'!N$4:N$484) -> 26954 | D5: =SUMIF('Full 1801-31 data set'!$K$4:$K$484,4,'Full 1801-31 data set'!O$4:O$484) -> 23029 | E5: =SUMIF('Full 1801-31 data set'!$K$4:$K$484,4,'Full 1801-31 data set'!P$4:P$484) -> 20638 | F5: =SUMIF('Full 1801-31 data set'!$K$4:$K$484,4,'Full 1801-31 data set'!Q$4:Q$484) -> 78317 | G5: =SUMIF('Full 1801-31 data set'!$K$4:$K$484,4,'Full 1801-31 data set'!R$4:R$484) -> 121984 | H5: =G5/C5 -> 4.5256363 | I5: =D5/G5 -> 0.18878705 | J5: =E5/G5 -> 0.16918612 | K5: =F5/G5 -> 0.64202682 | L5: =E5/D5 -> 0.89617439 | M5: =F5/(D5+E5) -> 1.7935054 | N5: =G5/G$11 -> 0.35767504 | O5: =SUMIF('Full 1801-31 data set'!$K$4:$K$484,4,'Full 1801-31 data set'!Z$4:Z$484) -> 144439 | P5: =SUMIF('Full 1801-31 data set'!$K$4:$K$484,4,'Full 1801-31 data set'!AA$4:AA$484) -> 163060 | Q5: =SUMIF('Full 1801-31 data set'!$K$4:$K$484,4,'Full 1801-31 data set'!AB$4:AB$484) -> 185599 | R5: =O5/G5 -> 1.1840815 | S5: =P5/O5 -> 1.1289195 | T5: =Q5/P5 -> 1.1382252 | U5: =Q5/G5 -> 1.5215028 | V5: =0.6*O5+0.4*P5 -> 151887.4 | W5: =SUMIF('Full 1801-31 data set'!$K$4:$K$484,4,'Full 1801-31 data set'!AH$4:AH$484) -> 730056 | X5: =W5/V5 -> 4.8065606 | Y5: =X5/X$11 -> 1.0220718
A6: Vancouver 5 | B6: =SUMIF('Full 1801-31 data set'!$K$4:$K$484,5,'Full 1801-31 data set'!M$4:M$484) -> 1303 | C6: =SUMIF('Full 1801-31 data set'!$K$4:$K$484,5,'Full 1801-31 data set'!N$4:N$484) -> 1345 | D6: =SUMIF('Full 1801-31 data set'!$K$4:$K$484,5,'Full 1801-31 data set'!O$4:O$484) -> 3021 | E6: =SUMIF('Full 1801-31 data set'!$K$4:$K$484,5,'Full 1801-31 data set'!P$4:P$484) -> 891 | F6: =SUMIF('Full 1801-31 data set'!$K$4:$K$484,5,'Full 1801-31 data set'!Q$4:Q$484) -> 3253 | G6: =SUMIF('Full 1801-31 data set'!$K$4:$K$484,5,'Full 1801-31 data set'!R$4:R$484) -> 7165 | H6: =G6/C6 -> 5.3271375 | I6: =D6/G6 -> 0.42163294 | J6: =E6/G6 -> 0.1243545 | K6: =F6/G6 -> 0.45401256 | L6: =E6/D6 -> 0.29493545 | M6: =F6/(D6+E6) -> 0.83154397 | N6: =G6/G$11 -> 0.021008835 | O6: =SUMIF('Full 1801-31 data set'!$K$4:$K$484,5,'Full 1801-31 data set'!Z$4:Z$484) -> 7255 | P6: =SUMIF('Full 1801-31 data set'!$K$4:$K$484,5,'Full 1801-31 data set'!AA$4:AA$484) -> 8160 | Q6: =SUMIF('Full 1801-31 data set'!$K$4:$K$484,5,'Full 1801-31 data set'!AB$4:AB$484) -> 8707 | R6: =O6/G6 -> 1.0125611 | S6: =P6/O6 -> 1.1247416 | T6: =Q6/P6 -> 1.0670343 | U6: =Q6/G6 -> 1.2152128 | V6: =0.6*O6+0.4*P6 -> 7617 | W6: =SUMIF('Full 1801-31 data set'!$K$4:$K$484,5,'Full 1801-31 data set'!AH$4:AH$484) -> 32892 | X6: =W6/V6 -> 4.3182355 | Y6: =X6/X$11 -> 0.91823386
A7: Vancouver 6 | B7: =SUMIF('Full 1801-31 data set'!$K$4:$K$484,6,'Full 1801-31 data set'!M$4:M$484) -> 11940 | C7: =SUMIF('Full 1801-31 data set'!$K$4:$K$484,6,'Full 1801-31 data set'!N$4:N$484) -> 13477 | D7: =SUMIF('Full 1801-31 data set'!$K$4:$K$484,6,'Full 1801-31 data set'!O$4:O$484) -> 19353 | E7: =SUMIF('Full 1801-31 data set'!$K$4:$K$484,6,'Full 1801-31 data set'!P$4:P$484) -> 15395 | F7: =SUMIF('Full 1801-31 data set'!$K$4:$K$484,6,'Full 1801-31 data set'!Q$4:Q$484) -> 25902 | G7: =SUMIF('Full 1801-31 data set'!$K$4:$K$484,6,'Full 1801-31 data set'!R$4:R$484) -> 60650 | H7: =G7/C7 -> 4.5002597 | I7: =D7/G7 -> 0.31909316 | J7: =E7/G7 -> 0.25383347 | K7: =F7/G7 -> 0.42707337 | L7: =E7/D7 -> 0.7954839 | M7: =F7/(D7+E7) -> 0.7454242 | N7: =G7/G$11 -> 0.17783473 | O7: =SUMIF('Full 1801-31 data set'!$K$4:$K$484,6,'Full 1801-31 data set'!Z$4:Z$484) -> 65135 | P7: =SUMIF('Full 1801-31 data set'!$K$4:$K$484,6,'Full 1801-31 data set'!AA$4:AA$484) -> 75987 | Q7: =SUMIF('Full 1801-31 data set'!$K$4:$K$484,6,'Full 1801-31 data set'!AB$4:AB$484) -> 85421 | R7: =O7/G7 -> 1.0739489 | S7: =P7/O7 -> 1.1666078 | T7: =Q7/P7 -> 1.1241528 | U7: =Q7/G7 -> 1.4084254 | V7: =0.6*O7+0.4*P7 -> 69475.8 | W7: =SUMIF('Full 1801-31 data set'!$K$4:$K$484,6,'Full 1801-31 data set'!AH$4:AH$484) -> 373063 | X7: =W7/V7 -> 5.3696827 | Y7: =X7/X$11 -> 1.1418146
A8: Vancouver 7 | B8: =SUMIF('Full 1801-31 data set'!$K$4:$K$484,7,'Full 1801-31 data set'!M$4:M$484) -> 4316 | C8: =SUMIF('Full 1801-31 data set'!$K$4:$K$484,7,'Full 1801-31 data set'!N$4:N$484) -> 4810 | D8: =SUMIF('Full 1801-31 data set'!$K$4:$K$484,7,'Full 1801-31 data set'!O$4:O$484) -> 7398 | E8: =SUMIF('Full 1801-31 data set'!$K$4:$K$484,7,'Full 1801-31 data set'!P$4:P$484) -> 4746 | F8: =SUMIF('Full 1801-31 data set'!$K$4:$K$484,7,'Full 1801-31 data set'!Q$4:Q$484) -> 11220 | G8: =SUMIF('Full 1801-31 data set'!$K$4:$K$484,7,'Full 1801-31 data set'!R$4:R$484) -> 23364 | H8: =G8/C8 -> 4.8573805 | I8: =D8/G8 -> 0.31664099 | J8: =E8/G8 -> 0.20313303 | K8: =F8/G8 -> 0.48022599 | L8: =E8/D8 -> 0.64152474 | M8: =F8/(D8+E8) -> 0.92391304 | N8: =G8/G$11 -> 0.068506687 | O8: =SUMIF('Full 1801-31 data set'!$K$4:$K$484,7,'Full 1801-31 data set'!Z$4:Z$484) -> 24884 | P8: =SUMIF('Full 1801-31 data set'!$K$4:$K$484,7,'Full 1801-31 data set'!AA$4:AA$484) -> 29697 | Q8: =SUMIF('Full 1801-31 data set'!$K$4:$K$484,7,'Full 1801-31 data set'!AB$4:AB$484) -> 31455 | R8: =O8/G8 -> 1.0650574 | S8: =P8/O8 -> 1.1934175 | T8: =Q8/P8 -> 1.0591979 | U8: =Q8/G8 -> 1.346302 | V8: =0.6*O8+0.4*P8 -> 26809.2 | W8: =SUMIF('Full 1801-31 data set'!$K$4:$K$484,7,'Full 1801-31 data set'!AH$4:AH$484) -> 161792 | X8: =W8/V8 -> 6.0349432 | Y8: =X8/X$11 -> 1.2832763
